"","region_var","mean","se_mean","sd","X2.5.","X25.","X50.","X75.","X97.5.","n_eff","Rhat","method"
"1","var_ratio[1]",4.25,0,0.15,3.98,4.15,4.24,4.35,4.53,927,1,"cross"
"2","var_ratio[2]",2.68,0,0.09,2.51,2.61,2.67,2.74,2.86,936,1,"cross"
"3","var_ratio[3]",3.39,0,0.12,3.15,3.3,3.39,3.47,3.62,935,1.01,"cross"
"4","var_ratio[4]",3.97,0,0.13,3.7,3.88,3.97,4.05,4.24,1000,1,"cross"
"5","var_ratio[5]",4.13,0,0.14,3.85,4.03,4.12,4.23,4.42,1000,1,"cross"
"6","var_ratio[6]",3.48,0,0.12,3.25,3.4,3.48,3.57,3.72,1000,1,"cross"
"7","var_ratio[7]",3.32,0,0.11,3.1,3.25,3.32,3.4,3.55,983,1,"cross"
"8","var_ratio[8]",4.06,0,0.14,3.78,3.97,4.05,4.15,4.34,1000,1,"cross"
"9","var_ratio[9]",3.39,0,0.12,3.17,3.31,3.39,3.47,3.64,1000,1,"cross"
"10","var_ratio[10]",4.5,0,0.15,4.2,4.4,4.49,4.61,4.8,1000,1,"cross"
"11","var_ratio[11]",3.77,0,0.13,3.53,3.68,3.77,3.86,4.03,965,1,"cross"
"12","var_ratio[12]",3.6,0,0.13,3.36,3.52,3.6,3.69,3.86,1000,0.99,"cross"
"13","var_ratio[13]",3.48,0,0.12,3.24,3.4,3.47,3.55,3.71,940,1,"cross"
"14","var_ratio[14]",5.53,0.01,0.19,5.21,5.4,5.52,5.66,5.93,1000,1,"cross"
"15","var_ratio[15]",3.57,0,0.12,3.34,3.48,3.56,3.65,3.82,1000,1,"cross"
"16","var_ratio[16]",3.4,0,0.12,3.16,3.32,3.4,3.48,3.63,1000,1,"cross"
"17","var_ratio[17]",3.25,0,0.11,3.04,3.17,3.24,3.32,3.47,1000,1,"cross"
"18","var_ratio[18]",3.39,0,0.12,3.16,3.31,3.39,3.47,3.64,995,1,"cross"
"19","var_ratio[19]",2.64,0,0.09,2.46,2.58,2.63,2.7,2.84,1000,1,"cross"
"20","var_ratio[20]",3.33,0,0.11,3.12,3.25,3.33,3.41,3.56,1000,1,"cross"
"21","var_ratio[21]",4.55,0,0.16,4.25,4.44,4.55,4.65,4.85,1000,1,"cross"
"22","var_ratio[22]",3.22,0,0.11,3.01,3.15,3.22,3.3,3.44,1000,1.01,"cross"
"23","var_ratio[23]",4.55,0.01,0.15,4.27,4.45,4.55,4.65,4.84,945,1,"cross"
"24","var_ratio[24]",3.8,0,0.14,3.56,3.71,3.8,3.89,4.08,982,1,"cross"
"25","var_ratio[25]",3.12,0,0.11,2.9,3.05,3.12,3.19,3.32,776,1.01,"cross"
"26","var_ratio[26]",2.93,0,0.1,2.75,2.87,2.94,2.99,3.13,955,1,"cross"
"27","var_ratio[27]",3.31,0,0.12,3.09,3.23,3.3,3.39,3.54,925,1.01,"cross"
"28","var_ratio[28]",3.89,0,0.14,3.63,3.79,3.88,3.97,4.17,1000,1,"cross"
"29","var_ratio[29]",3.41,0,0.12,3.18,3.32,3.41,3.49,3.63,935,1,"cross"
"30","var_ratio[30]",2.48,0,0.09,2.31,2.42,2.48,2.54,2.66,978,1,"cross"
"31","var_ratio[31]",4.49,0,0.15,4.21,4.38,4.48,4.58,4.79,919,1,"cross"
"32","var_ratio[32]",4.39,0,0.15,4.11,4.28,4.38,4.48,4.69,996,1,"cross"
"33","var_ratio[33]",2.75,0,0.1,2.58,2.69,2.75,2.82,2.95,876,1.01,"cross"
"34","var_ratio[34]",3.2,0,0.11,2.98,3.12,3.2,3.28,3.42,993,1,"cross"
"35","var_ratio[35]",3.9,0,0.13,3.64,3.82,3.9,3.99,4.16,1000,1,"cross"
"36","var_ratio[36]",4.19,0,0.15,3.92,4.09,4.18,4.29,4.47,1000,1.01,"cross"
"37","var_ratio[37]",3.48,0,0.12,3.26,3.4,3.48,3.55,3.71,979,1,"cross"
"38","var_ratio[38]",3.46,0,0.12,3.23,3.38,3.46,3.53,3.7,967,1,"cross"
"39","var_ratio[39]",4.07,0,0.13,3.81,3.98,4.06,4.15,4.35,1000,1,"cross"
"40","var_ratio[40]",3.29,0,0.11,3.08,3.22,3.29,3.36,3.51,1000,1,"cross"
"41","var_ratio[41]",4.02,0,0.14,3.75,3.92,4.01,4.1,4.31,1000,1,"cross"
"42","var_ratio[42]",3.47,0,0.12,3.24,3.38,3.46,3.54,3.73,944,1,"cross"
"43","var_ratio[43]",3.49,0,0.12,3.27,3.41,3.49,3.57,3.73,1000,1,"cross"
"44","var_ratio[44]",3.55,0,0.13,3.31,3.46,3.55,3.64,3.8,1000,0.99,"cross"
"45","var_ratio[45]",5.21,0.01,0.18,4.87,5.1,5.21,5.33,5.56,1000,1,"cross"
"46","var_ratio[46]",3.52,0,0.12,3.28,3.44,3.51,3.59,3.78,1000,1,"cross"
"47","var_ratio[47]",3.27,0,0.11,3.07,3.19,3.27,3.35,3.5,1000,1,"cross"
"48","var_ratio[48]",3.38,0,0.12,3.15,3.31,3.38,3.46,3.61,1000,1,"cross"
"49","var_ratio[49]",3.37,0,0.12,3.14,3.29,3.37,3.45,3.62,1000,1,"cross"
"50","var_ratio[50]",2.78,0,0.1,2.6,2.72,2.78,2.85,2.97,895,1,"cross"
"51","var_ratio[51]",3.27,0,0.11,3.05,3.19,3.26,3.34,3.49,978,1,"cross"
"52","var_ratio[52]",4.5,0.01,0.16,4.21,4.39,4.5,4.6,4.82,1000,1,"cross"
"53","var_ratio[53]",3.2,0,0.11,2.99,3.13,3.2,3.27,3.4,906,1,"cross"
"54","var_ratio[54]",4.29,0,0.15,4.02,4.18,4.29,4.38,4.59,998,0.99,"cross"
"55","var_ratio[55]",3.82,0,0.14,3.56,3.73,3.82,3.91,4.09,1000,1,"cross"
"56","var_ratio[56]",3.33,0,0.11,3.12,3.25,3.32,3.41,3.56,1000,1,"cross"
"57","var_ratio[57]",3.15,0,0.11,2.94,3.08,3.15,3.23,3.36,884,1,"cross"
"58","var_ratio[58]",3.32,0,0.12,3.1,3.24,3.32,3.4,3.55,1000,1,"cross"
"59","var_ratio[59]",3.95,0,0.13,3.7,3.86,3.95,4.04,4.21,1000,1,"cross"
"60","var_ratio[60]",3.29,0,0.12,3.07,3.21,3.29,3.36,3.52,901,1.01,"cross"
"61","var_ratio[61]",2.38,0,0.09,2.21,2.32,2.38,2.44,2.55,973,1,"cross"
"62","var_ratio[62]",4.83,0.01,0.17,4.52,4.72,4.83,4.95,5.17,1000,1,"cross"
"63","sigma[1]",0.23,0,0,0.23,0.23,0.23,0.24,0.24,967,1,"cross"
"64","sigma[2]",0.35,0,0.01,0.34,0.35,0.35,0.35,0.36,962,1,"cross"
"65","sigma[3]",0.29,0,0,0.28,0.28,0.29,0.29,0.3,1000,1,"cross"
"66","sigma[4]",0.25,0,0,0.24,0.24,0.25,0.25,0.25,1000,1,"cross"
"67","sigma[5]",0.24,0,0,0.23,0.24,0.24,0.24,0.25,966,1,"cross"
"68","sigma[6]",0.28,0,0.01,0.27,0.27,0.28,0.28,0.29,1000,1,"cross"
"69","sigma[7]",0.29,0,0,0.28,0.29,0.29,0.29,0.3,1000,1,"cross"
"70","sigma[8]",0.24,0,0,0.23,0.24,0.24,0.24,0.25,1000,0.99,"cross"
"71","sigma[9]",0.28,0,0.01,0.27,0.28,0.28,0.29,0.29,1000,1,"cross"
"72","sigma[10]",0.22,0,0,0.21,0.22,0.22,0.22,0.23,883,1,"cross"
"73","sigma[11]",0.26,0,0,0.25,0.26,0.26,0.26,0.27,1000,1,"cross"
"74","sigma[12]",0.27,0,0,0.26,0.27,0.27,0.27,0.28,1000,1,"cross"
"75","sigma[13]",0.28,0,0,0.27,0.27,0.28,0.28,0.29,1000,1,"cross"
"76","sigma[14]",0.18,0,0,0.17,0.18,0.18,0.18,0.19,1000,1,"cross"
"77","sigma[15]",0.27,0,0,0.26,0.27,0.27,0.27,0.28,1000,1,"cross"
"78","sigma[16]",0.28,0,0.01,0.27,0.28,0.28,0.29,0.29,1000,1,"cross"
"79","sigma[17]",0.3,0,0.01,0.29,0.3,0.3,0.3,0.31,1000,1,"cross"
"80","sigma[18]",0.28,0,0,0.27,0.28,0.28,0.29,0.29,978,1,"cross"
"81","sigma[19]",0.36,0,0.01,0.34,0.35,0.36,0.36,0.37,1000,1,"cross"
"82","sigma[20]",0.29,0,0.01,0.28,0.28,0.29,0.29,0.3,898,1,"cross"
"83","sigma[21]",0.22,0,0,0.21,0.22,0.22,0.22,0.23,1000,1,"cross"
"84","sigma[22]",0.3,0,0.01,0.29,0.29,0.3,0.3,0.31,1000,1,"cross"
"85","sigma[23]",0.22,0,0,0.21,0.22,0.22,0.22,0.23,1000,1,"cross"
"86","sigma[24]",0.26,0,0,0.25,0.25,0.26,0.26,0.27,1000,1,"cross"
"87","sigma[25]",0.31,0,0.01,0.3,0.3,0.31,0.31,0.32,750,1,"cross"
"88","sigma[26]",0.32,0,0.01,0.31,0.32,0.32,0.33,0.34,1000,1,"cross"
"89","sigma[27]",0.29,0,0.01,0.28,0.29,0.29,0.3,0.3,1000,1,"cross"
"90","sigma[28]",0.25,0,0,0.24,0.25,0.25,0.25,0.26,955,1,"cross"
"91","sigma[29]",0.28,0,0.01,0.27,0.28,0.28,0.29,0.29,934,1,"cross"
"92","sigma[30]",0.37,0,0.01,0.36,0.37,0.37,0.38,0.39,1000,0.99,"cross"
"93","sigma[31]",0.22,0,0,0.21,0.22,0.22,0.22,0.23,984,1,"cross"
"94","sigma[32]",0.23,0,0,0.22,0.23,0.23,0.23,0.24,935,1,"cross"
"95","sigma[33]",0.34,0,0.01,0.33,0.34,0.34,0.34,0.35,1000,1,"cross"
"96","sigma[34]",0.3,0,0.01,0.29,0.3,0.3,0.3,0.31,1000,1,"cross"
"97","sigma[35]",0.25,0,0,0.24,0.25,0.25,0.26,0.26,825,1,"cross"
"98","sigma[36]",0.24,0,0,0.23,0.23,0.24,0.24,0.24,1000,1.01,"cross"
"99","sigma[37]",0.28,0,0,0.27,0.27,0.28,0.28,0.29,1000,1,"cross"
"100","sigma[38]",0.28,0,0,0.27,0.28,0.28,0.28,0.29,979,1,"cross"
"101","sigma[39]",0.24,0,0,0.23,0.24,0.24,0.24,0.25,828,1,"cross"
"102","sigma[40]",0.29,0,0.01,0.28,0.29,0.29,0.29,0.3,1000,1,"cross"
"103","sigma[41]",0.25,0,0,0.24,0.24,0.25,0.25,0.25,1000,1,"cross"
"104","sigma[42]",0.28,0,0,0.27,0.27,0.28,0.28,0.29,1000,1,"cross"
"105","sigma[43]",0.28,0,0,0.27,0.28,0.28,0.28,0.29,1000,1.01,"cross"
"106","sigma[44]",0.27,0,0,0.26,0.27,0.27,0.28,0.28,851,1,"cross"
"107","sigma[45]",0.19,0,0,0.19,0.19,0.19,0.19,0.2,1000,1.01,"cross"
"108","sigma[46]",0.28,0,0,0.27,0.27,0.28,0.28,0.29,1000,1.01,"cross"
"109","sigma[47]",0.3,0,0.01,0.29,0.29,0.3,0.3,0.31,1000,1,"cross"
"110","sigma[48]",0.29,0,0.01,0.28,0.28,0.29,0.29,0.3,1000,1,"cross"
"111","sigma[49]",0.29,0,0.01,0.28,0.28,0.29,0.29,0.3,963,1,"cross"
"112","sigma[50]",0.34,0,0.01,0.32,0.33,0.34,0.34,0.35,877,1,"cross"
"113","sigma[51]",0.29,0,0.01,0.28,0.29,0.29,0.3,0.3,1000,1,"cross"
"114","sigma[52]",0.22,0,0,0.22,0.22,0.22,0.23,0.23,929,1.01,"cross"
"115","sigma[53]",0.3,0,0.01,0.29,0.29,0.3,0.3,0.31,956,1,"cross"
"116","sigma[54]",0.23,0,0,0.22,0.23,0.23,0.23,0.24,1000,0.99,"cross"
"117","sigma[55]",0.26,0,0,0.25,0.25,0.26,0.26,0.27,1000,1,"cross"
"118","sigma[56]",0.29,0,0.01,0.28,0.29,0.29,0.29,0.3,1000,1,"cross"
"119","sigma[57]",0.3,0,0.01,0.29,0.3,0.3,0.31,0.32,1000,0.99,"cross"
"120","sigma[58]",0.29,0,0.01,0.28,0.29,0.29,0.29,0.3,966,1,"cross"
"121","sigma[59]",0.25,0,0,0.24,0.25,0.25,0.25,0.26,1000,1,"cross"
"122","sigma[60]",0.29,0,0.01,0.28,0.29,0.29,0.29,0.3,1000,1,"cross"
"123","sigma[61]",0.39,0,0.01,0.38,0.38,0.39,0.39,0.4,979,1,"cross"
"124","sigma[62]",0.21,0,0,0.2,0.21,0.21,0.21,0.22,1000,1,"cross"
"125","tau_0[1]",0.99,0,0.03,0.93,0.97,0.99,1.01,1.05,978,1,"cross"
"126","tau_0[2]",0.93,0,0.03,0.88,0.92,0.93,0.95,0.99,1000,1,"cross"
"127","tau_0[3]",0.97,0,0.03,0.91,0.95,0.97,0.99,1.02,777,1.01,"cross"
"128","tau_0[4]",0.98,0,0.03,0.92,0.96,0.98,1,1.03,1000,1,"cross"
"129","tau_0[5]",0.98,0,0.03,0.93,0.97,0.98,1,1.04,1000,1,"cross"
"130","tau_0[6]",0.96,0,0.03,0.91,0.94,0.96,0.98,1.02,913,1,"cross"
"131","tau_0[7]",0.96,0,0.03,0.9,0.94,0.96,0.98,1.02,1000,1,"cross"
"132","tau_0[8]",0.98,0,0.03,0.93,0.96,0.98,1,1.04,1000,1,"cross"
"133","tau_0[9]",0.96,0,0.03,0.91,0.94,0.96,0.98,1.01,1000,1,"cross"
"134","tau_0[10]",0.99,0,0.03,0.93,0.97,0.99,1.01,1.05,1000,1,"cross"
"135","tau_0[11]",0.98,0,0.03,0.93,0.96,0.98,1,1.04,1000,1,"cross"
"136","tau_0[12]",0.97,0,0.03,0.92,0.95,0.97,0.99,1.03,1000,1,"cross"
"137","tau_0[13]",0.97,0,0.03,0.91,0.95,0.97,0.98,1.02,1000,1,"cross"
"138","tau_0[14]",1,0,0.03,0.95,0.97,0.99,1.01,1.06,991,1,"cross"
"139","tau_0[15]",0.97,0,0.03,0.91,0.95,0.96,0.98,1.02,1000,1,"cross"
"140","tau_0[16]",0.96,0,0.03,0.91,0.95,0.96,0.98,1.02,1000,1,"cross"
"141","tau_0[17]",0.97,0,0.03,0.92,0.95,0.97,0.99,1.03,1000,1,"cross"
"142","tau_0[18]",0.96,0,0.03,0.91,0.94,0.96,0.98,1.02,987,1,"cross"
"143","tau_0[19]",0.94,0,0.03,0.89,0.92,0.94,0.96,0.99,1000,1,"cross"
"144","tau_0[20]",0.95,0,0.03,0.9,0.93,0.95,0.97,1.01,1000,1,"cross"
"145","tau_0[21]",1,0,0.03,0.94,0.97,1,1.01,1.05,1000,1,"cross"
"146","tau_0[22]",0.96,0,0.03,0.9,0.94,0.95,0.97,1.01,1000,1,"cross"
"147","tau_0[23]",0.99,0,0.03,0.94,0.97,0.99,1.01,1.05,945,1,"cross"
"148","tau_0[24]",0.98,0,0.03,0.92,0.96,0.98,1,1.04,1000,1,"cross"
"149","tau_0[25]",0.96,0,0.03,0.9,0.94,0.96,0.98,1.01,903,1.01,"cross"
"150","tau_0[26]",0.95,0,0.03,0.9,0.93,0.95,0.97,1.01,879,1,"cross"
"151","tau_0[27]",0.96,0,0.03,0.91,0.94,0.96,0.98,1.02,950,1,"cross"
"152","tau_0[28]",0.98,0,0.03,0.92,0.96,0.97,1,1.03,1000,1,"cross"
"153","tau_0[29]",0.96,0,0.03,0.91,0.94,0.96,0.98,1.02,908,1,"cross"
"154","tau_0[30]",0.92,0,0.03,0.87,0.9,0.92,0.94,0.98,1000,1,"cross"
"155","tau_0[31]",1,0,0.03,0.94,0.98,1,1.01,1.05,941,1,"cross"
"156","tau_0[32]",1,0,0.03,0.95,0.98,1,1.02,1.06,975,1,"cross"
"157","tau_0[33]",0.94,0,0.03,0.89,0.92,0.94,0.96,1,1000,1,"cross"
"158","tau_0[34]",0.96,0,0.03,0.9,0.93,0.96,0.98,1.01,985,1,"cross"
"159","tau_0[35]",0.98,0,0.03,0.93,0.97,0.98,1,1.04,1000,1,"cross"
"160","tau_0[36]",0.99,0,0.03,0.93,0.97,0.99,1.01,1.04,1000,1.01,"cross"
"161","tau_0[37]",0.96,0,0.03,0.91,0.94,0.96,0.98,1.02,882,1.01,"cross"
"162","tau_0[38]",0.97,0,0.03,0.91,0.95,0.97,0.99,1.03,935,1,"cross"
"163","tau_0[39]",0.98,0,0.03,0.93,0.96,0.98,1,1.04,1000,1,"cross"
"164","tau_0[40]",0.95,0,0.03,0.9,0.93,0.95,0.97,1,1000,1,"cross"
"165","tau_0[41]",0.99,0,0.03,0.94,0.97,0.99,1.01,1.05,1000,1,"cross"
"166","tau_0[42]",0.96,0,0.03,0.9,0.94,0.96,0.98,1.01,971,1,"cross"
"167","tau_0[43]",0.98,0,0.03,0.92,0.96,0.98,1,1.04,1000,1,"cross"
"168","tau_0[44]",0.97,0,0.03,0.92,0.95,0.97,0.99,1.03,976,0.99,"cross"
"169","tau_0[45]",1,0,0.03,0.94,0.98,1,1.02,1.06,1000,1,"cross"
"170","tau_0[46]",0.97,0,0.03,0.92,0.95,0.97,0.99,1.03,981,1,"cross"
"171","tau_0[47]",0.97,0,0.03,0.91,0.95,0.97,0.99,1.02,995,1.01,"cross"
"172","tau_0[48]",0.97,0,0.03,0.92,0.95,0.98,0.99,1.03,1000,1,"cross"
"173","tau_0[49]",0.97,0,0.03,0.92,0.95,0.97,0.99,1.03,1000,1,"cross"
"174","tau_0[50]",0.94,0,0.03,0.88,0.92,0.94,0.96,0.99,959,1,"cross"
"175","tau_0[51]",0.96,0,0.03,0.9,0.94,0.95,0.97,1.01,958,1,"cross"
"176","tau_0[52]",1,0,0.03,0.95,0.98,1,1.02,1.06,1000,0.99,"cross"
"177","tau_0[53]",0.95,0,0.03,0.9,0.93,0.95,0.97,1.01,851,1.01,"cross"
"178","tau_0[54]",0.98,0,0.03,0.92,0.96,0.98,1,1.04,1000,1,"cross"
"179","tau_0[55]",0.98,0,0.03,0.92,0.96,0.98,1,1.04,968,1,"cross"
"180","tau_0[56]",0.96,0,0.03,0.91,0.94,0.96,0.98,1.02,1000,1,"cross"
"181","tau_0[57]",0.96,0,0.03,0.91,0.94,0.96,0.98,1.02,906,1,"cross"
"182","tau_0[58]",0.97,0,0.03,0.91,0.95,0.97,0.99,1.02,1000,1,"cross"
"183","tau_0[59]",0.99,0,0.03,0.93,0.97,0.99,1,1.04,1000,1,"cross"
"184","tau_0[60]",0.95,0,0.03,0.9,0.93,0.95,0.97,1.01,973,1.02,"cross"
"185","tau_0[61]",0.93,0,0.03,0.87,0.91,0.93,0.95,0.99,1000,1,"cross"
"186","tau_0[62]",1,0,0.03,0.95,0.99,1,1.02,1.07,1000,1,"cross"
"187","var_ratio[1]",5.23,0.01,0.18,4.89,5.11,5.22,5.35,5.59,839,1,"long1"
"188","var_ratio[2]",3.52,0,0.12,3.3,3.45,3.53,3.6,3.75,962,1,"long1"
"189","var_ratio[3]",3.64,0,0.13,3.39,3.55,3.64,3.72,3.9,1000,1,"long1"
"190","var_ratio[4]",3.31,0,0.12,3.1,3.23,3.31,3.39,3.54,1000,1,"long1"
"191","var_ratio[5]",3.83,0,0.13,3.59,3.75,3.83,3.92,4.09,955,1,"long1"
"192","var_ratio[6]",4.76,0.01,0.17,4.46,4.64,4.75,4.87,5.1,1000,1,"long1"
"193","var_ratio[7]",2.97,0,0.1,2.78,2.9,2.97,3.04,3.17,1000,1,"long1"
"194","var_ratio[8]",4.65,0.01,0.16,4.35,4.55,4.64,4.74,4.98,844,1,"long1"
"195","var_ratio[9]",4.38,0,0.15,4.08,4.29,4.38,4.49,4.68,957,1,"long1"
"196","var_ratio[10]",3.84,0,0.13,3.6,3.75,3.84,3.93,4.1,939,1,"long1"
"197","var_ratio[11]",5.01,0.01,0.17,4.7,4.9,5,5.11,5.35,1000,1,"long1"
"198","var_ratio[12]",3.3,0,0.11,3.08,3.23,3.3,3.37,3.51,1000,1,"long1"
"199","var_ratio[13]",4.16,0,0.14,3.89,4.07,4.16,4.25,4.43,947,1,"long1"
"200","var_ratio[14]",5.28,0.01,0.19,4.93,5.15,5.28,5.41,5.65,948,1.01,"long1"
"201","var_ratio[15]",3.48,0,0.12,3.26,3.39,3.47,3.56,3.71,1000,1,"long1"
"202","var_ratio[16]",4.32,0,0.15,4.04,4.22,4.32,4.42,4.64,1000,1,"long1"
"203","var_ratio[17]",3.44,0,0.12,3.23,3.37,3.44,3.52,3.69,1000,1,"long1"
"204","var_ratio[18]",2.94,0,0.11,2.74,2.88,2.94,3.01,3.16,993,1,"long1"
"205","var_ratio[19]",3.05,0,0.1,2.85,2.98,3.05,3.12,3.26,847,1.01,"long1"
"206","var_ratio[20]",3.44,0,0.12,3.22,3.35,3.43,3.51,3.69,975,1,"long1"
"207","var_ratio[21]",5.31,0.01,0.18,4.97,5.19,5.3,5.43,5.69,912,1,"long1"
"208","var_ratio[22]",3.48,0,0.12,3.25,3.4,3.48,3.56,3.74,1000,1,"long1"
"209","var_ratio[23]",5.97,0.01,0.21,5.57,5.84,5.96,6.11,6.38,1000,1,"long1"
"210","var_ratio[24]",3.24,0,0.11,3.04,3.17,3.24,3.31,3.49,1000,1,"long1"
"211","var_ratio[25]",3.87,0,0.14,3.61,3.78,3.87,3.96,4.15,1000,1.01,"long1"
"212","var_ratio[26]",3.7,0,0.13,3.46,3.61,3.7,3.78,3.95,955,1,"long1"
"213","var_ratio[27]",4.31,0,0.15,4.04,4.21,4.31,4.41,4.62,1000,1,"long1"
"214","var_ratio[28]",4.76,0.01,0.17,4.44,4.64,4.76,4.88,5.11,1000,1,"long1"
"215","var_ratio[29]",4.91,0.01,0.17,4.59,4.79,4.9,5.02,5.23,1000,1,"long1"
"216","var_ratio[30]",2.76,0,0.1,2.58,2.7,2.76,2.83,2.96,1000,1.01,"long1"
"217","var_ratio[31]",4.12,0,0.14,3.85,4.02,4.12,4.21,4.42,1000,1,"long1"
"218","var_ratio[32]",4.63,0.01,0.16,4.33,4.51,4.62,4.73,4.94,978,1,"long1"
"219","var_ratio[33]",3.68,0,0.13,3.42,3.6,3.68,3.77,3.94,1000,1,"long1"
"220","var_ratio[34]",2.95,0,0.1,2.76,2.88,2.95,3.02,3.16,1000,1,"long1"
"221","var_ratio[35]",3.11,0,0.11,2.92,3.04,3.11,3.18,3.32,1000,1,"long1"
"222","var_ratio[36]",3.85,0,0.13,3.61,3.76,3.85,3.94,4.11,950,1,"long1"
"223","var_ratio[37]",4.62,0,0.15,4.33,4.52,4.61,4.72,4.92,976,1,"long1"
"224","var_ratio[38]",3.04,0,0.11,2.84,2.97,3.04,3.11,3.27,911,1.01,"long1"
"225","var_ratio[39]",4,0,0.14,3.73,3.91,3.99,4.08,4.29,986,1,"long1"
"226","var_ratio[40]",4.11,0,0.15,3.83,4.01,4.11,4.2,4.4,946,1,"long1"
"227","var_ratio[41]",3.93,0,0.13,3.67,3.84,3.93,4.02,4.19,883,1,"long1"
"228","var_ratio[42]",3.92,0,0.13,3.67,3.83,3.92,4.01,4.17,922,1,"long1"
"229","var_ratio[43]",3.62,0,0.12,3.38,3.53,3.62,3.7,3.85,1000,1,"long1"
"230","var_ratio[44]",4.33,0,0.15,4.05,4.23,4.33,4.43,4.63,1000,1,"long1"
"231","var_ratio[45]",5.49,0.01,0.18,5.16,5.35,5.49,5.61,5.86,1000,1,"long1"
"232","var_ratio[46]",2.99,0,0.1,2.8,2.92,2.98,3.05,3.19,831,1,"long1"
"233","var_ratio[47]",3.94,0,0.14,3.69,3.84,3.93,4.03,4.21,1000,1,"long1"
"234","var_ratio[48]",3.94,0,0.14,3.67,3.84,3.93,4.03,4.21,1000,1,"long1"
"235","var_ratio[49]",3.45,0,0.12,3.22,3.38,3.45,3.53,3.69,1000,1.01,"long1"
"236","var_ratio[50]",2.38,0,0.08,2.22,2.32,2.37,2.43,2.55,1000,1,"long1"
"237","var_ratio[51]",3.09,0,0.11,2.89,3.01,3.09,3.16,3.3,979,1,"long1"
"238","var_ratio[52]",4.21,0,0.14,3.95,4.11,4.21,4.32,4.5,952,1,"long1"
"239","var_ratio[53]",3.08,0,0.11,2.88,3,3.08,3.14,3.29,1000,1,"long1"
"240","var_ratio[54]",4.47,0,0.15,4.18,4.37,4.46,4.57,4.77,1000,1,"long1"
"241","var_ratio[55]",3.43,0,0.12,3.21,3.35,3.43,3.52,3.67,864,1.01,"long1"
"242","var_ratio[56]",4.21,0,0.15,3.93,4.11,4.21,4.31,4.53,1000,1,"long1"
"243","var_ratio[57]",3.91,0,0.14,3.65,3.82,3.91,4,4.21,955,1,"long1"
"244","var_ratio[58]",3.52,0,0.13,3.3,3.44,3.52,3.61,3.79,1000,1,"long1"
"245","var_ratio[59]",4.73,0,0.16,4.44,4.62,4.73,4.83,5.04,1000,1,"long1"
"246","var_ratio[60]",4.18,0,0.14,3.91,4.08,4.17,4.27,4.47,1000,1,"long1"
"247","var_ratio[61]",2.17,0,0.08,2.03,2.12,2.16,2.22,2.32,1000,1,"long1"
"248","var_ratio[62]",4.37,0,0.15,4.09,4.27,4.36,4.47,4.67,1000,1,"long1"
"249","sigma[1]",0.19,0,0,0.18,0.19,0.19,0.19,0.2,1000,1,"long1"
"250","sigma[2]",0.28,0,0,0.27,0.27,0.28,0.28,0.29,962,1,"long1"
"251","sigma[3]",0.27,0,0,0.26,0.27,0.27,0.27,0.28,1000,1,"long1"
"252","sigma[4]",0.29,0,0.01,0.28,0.29,0.29,0.3,0.3,953,1,"long1"
"253","sigma[5]",0.26,0,0,0.25,0.25,0.26,0.26,0.27,886,1,"long1"
"254","sigma[6]",0.21,0,0,0.2,0.2,0.21,0.21,0.21,1000,1,"long1"
"255","sigma[7]",0.32,0,0.01,0.31,0.32,0.32,0.33,0.33,1000,1,"long1"
"256","sigma[8]",0.22,0,0,0.21,0.21,0.22,0.22,0.22,993,1,"long1"
"257","sigma[9]",0.23,0,0,0.22,0.22,0.23,0.23,0.23,975,1,"long1"
"258","sigma[10]",0.26,0,0,0.25,0.26,0.26,0.26,0.27,1000,1,"long1"
"259","sigma[11]",0.2,0,0,0.2,0.2,0.2,0.2,0.21,1000,1,"long1"
"260","sigma[12]",0.29,0,0,0.28,0.29,0.29,0.29,0.3,959,1,"long1"
"261","sigma[13]",0.24,0,0,0.23,0.23,0.24,0.24,0.25,1000,1,"long1"
"262","sigma[14]",0.19,0,0,0.18,0.19,0.19,0.19,0.2,707,1.01,"long1"
"263","sigma[15]",0.28,0,0.01,0.27,0.27,0.28,0.28,0.29,1000,1,"long1"
"264","sigma[16]",0.23,0,0,0.22,0.22,0.23,0.23,0.23,1000,1,"long1"
"265","sigma[17]",0.28,0,0,0.27,0.28,0.28,0.29,0.29,1000,1,"long1"
"266","sigma[18]",0.32,0,0.01,0.31,0.32,0.32,0.32,0.33,964,1,"long1"
"267","sigma[19]",0.32,0,0.01,0.3,0.31,0.31,0.32,0.33,1000,1,"long1"
"268","sigma[20]",0.28,0,0,0.27,0.28,0.28,0.28,0.29,972,1,"long1"
"269","sigma[21]",0.19,0,0,0.18,0.19,0.19,0.19,0.2,1000,1,"long1"
"270","sigma[22]",0.28,0,0.01,0.27,0.28,0.28,0.29,0.29,932,1,"long1"
"271","sigma[23]",0.17,0,0,0.16,0.17,0.17,0.17,0.17,1000,1,"long1"
"272","sigma[24]",0.3,0,0.01,0.29,0.29,0.3,0.3,0.31,1000,1,"long1"
"273","sigma[25]",0.25,0,0,0.24,0.25,0.25,0.26,0.26,1000,1.01,"long1"
"274","sigma[26]",0.26,0,0,0.25,0.26,0.26,0.27,0.27,1000,1,"long1"
"275","sigma[27]",0.23,0,0,0.22,0.23,0.23,0.23,0.24,1000,1,"long1"
"276","sigma[28]",0.21,0,0,0.2,0.21,0.21,0.21,0.22,1000,1,"long1"
"277","sigma[29]",0.2,0,0,0.19,0.2,0.2,0.2,0.21,932,1,"long1"
"278","sigma[30]",0.34,0,0.01,0.33,0.34,0.34,0.34,0.35,1000,1,"long1"
"279","sigma[31]",0.24,0,0,0.23,0.24,0.24,0.24,0.25,1000,1,"long1"
"280","sigma[32]",0.22,0,0,0.21,0.21,0.22,0.22,0.22,1000,1,"long1"
"281","sigma[33]",0.26,0,0,0.25,0.26,0.26,0.27,0.27,1000,1,"long1"
"282","sigma[34]",0.32,0,0.01,0.31,0.32,0.32,0.33,0.33,969,1,"long1"
"283","sigma[35]",0.31,0,0.01,0.3,0.31,0.31,0.31,0.32,1000,1,"long1"
"284","sigma[36]",0.25,0,0,0.25,0.25,0.25,0.26,0.26,932,1,"long1"
"285","sigma[37]",0.22,0,0,0.21,0.21,0.22,0.22,0.22,1000,1.01,"long1"
"286","sigma[38]",0.31,0,0.01,0.3,0.31,0.31,0.32,0.32,940,1,"long1"
"287","sigma[39]",0.24,0,0,0.24,0.24,0.24,0.25,0.25,1000,1,"long1"
"288","sigma[40]",0.24,0,0,0.23,0.23,0.24,0.24,0.25,961,1,"long1"
"289","sigma[41]",0.25,0,0,0.25,0.25,0.25,0.26,0.26,1000,1,"long1"
"290","sigma[42]",0.25,0,0,0.24,0.24,0.25,0.25,0.26,905,1,"long1"
"291","sigma[43]",0.27,0,0,0.26,0.27,0.27,0.28,0.28,918,1.01,"long1"
"292","sigma[44]",0.23,0,0,0.22,0.23,0.23,0.23,0.24,876,1,"long1"
"293","sigma[45]",0.18,0,0,0.18,0.18,0.18,0.18,0.19,934,1,"long1"
"294","sigma[46]",0.32,0,0.01,0.31,0.32,0.32,0.32,0.33,924,1,"long1"
"295","sigma[47]",0.25,0,0,0.24,0.25,0.25,0.25,0.26,1000,1,"long1"
"296","sigma[48]",0.25,0,0,0.24,0.25,0.25,0.25,0.26,944,1,"long1"
"297","sigma[49]",0.28,0,0,0.27,0.28,0.28,0.28,0.29,719,1,"long1"
"298","sigma[50]",0.39,0,0.01,0.37,0.38,0.39,0.39,0.4,1000,1,"long1"
"299","sigma[51]",0.32,0,0.01,0.31,0.31,0.32,0.32,0.33,925,1.01,"long1"
"300","sigma[52]",0.23,0,0,0.22,0.23,0.23,0.24,0.24,978,1,"long1"
"301","sigma[53]",0.31,0,0.01,0.3,0.31,0.31,0.32,0.32,971,1.01,"long1"
"302","sigma[54]",0.22,0,0,0.21,0.22,0.22,0.22,0.23,1000,1,"long1"
"303","sigma[55]",0.29,0,0.01,0.28,0.28,0.29,0.29,0.29,768,1.01,"long1"
"304","sigma[56]",0.24,0,0,0.23,0.23,0.24,0.24,0.24,1000,1,"long1"
"305","sigma[57]",0.25,0,0,0.24,0.25,0.25,0.25,0.26,1000,1,"long1"
"306","sigma[58]",0.28,0,0,0.27,0.28,0.28,0.28,0.29,1000,1,"long1"
"307","sigma[59]",0.21,0,0,0.2,0.21,0.21,0.21,0.22,982,1,"long1"
"308","sigma[60]",0.24,0,0,0.23,0.23,0.24,0.24,0.25,1000,1,"long1"
"309","sigma[61]",0.42,0,0.01,0.41,0.42,0.42,0.42,0.43,1000,1,"long1"
"310","sigma[62]",0.23,0,0,0.22,0.23,0.23,0.23,0.24,1000,1,"long1"
"311","tau_0[1]",1,0,0.03,0.94,0.98,1,1.02,1.06,812,1,"long1"
"312","tau_0[2]",0.97,0,0.03,0.92,0.95,0.97,0.99,1.03,932,1,"long1"
"313","tau_0[3]",0.98,0,0.03,0.92,0.96,0.98,1,1.04,1000,1,"long1"
"314","tau_0[4]",0.97,0,0.03,0.91,0.95,0.97,0.99,1.03,1000,1,"long1"
"315","tau_0[5]",0.99,0,0.03,0.93,0.97,0.99,1.01,1.05,946,1,"long1"
"316","tau_0[6]",0.98,0,0.03,0.93,0.96,0.98,1,1.04,1000,1,"long1"
"317","tau_0[7]",0.96,0,0.03,0.9,0.94,0.96,0.98,1.01,1000,1,"long1"
"318","tau_0[8]",1,0,0.03,0.95,0.99,1,1.02,1.06,908,1,"long1"
"319","tau_0[9]",0.99,0,0.03,0.93,0.97,0.98,1,1.04,944,1,"long1"
"320","tau_0[10]",0.99,0,0.03,0.94,0.97,0.99,1.01,1.05,889,1,"long1"
"321","tau_0[11]",1.01,0,0.03,0.96,0.99,1.01,1.03,1.07,962,1,"long1"
"322","tau_0[12]",0.96,0,0.03,0.91,0.94,0.96,0.98,1.02,1000,1,"long1"
"323","tau_0[13]",0.99,0,0.03,0.93,0.97,0.99,1.01,1.04,1000,1,"long1"
"324","tau_0[14]",1.01,0,0.03,0.95,0.98,1,1.02,1.06,1000,1,"long1"
"325","tau_0[15]",0.97,0,0.03,0.92,0.95,0.96,0.99,1.02,1000,1,"long1"
"326","tau_0[16]",0.98,0,0.03,0.93,0.96,0.98,1,1.03,1000,1,"long1"
"327","tau_0[17]",0.98,0,0.03,0.92,0.96,0.98,1,1.04,1000,1,"long1"
"328","tau_0[18]",0.94,0,0.03,0.89,0.92,0.94,0.96,1,1000,0.99,"long1"
"329","tau_0[19]",0.96,0,0.03,0.91,0.94,0.96,0.98,1.02,921,1,"long1"
"330","tau_0[20]",0.97,0,0.03,0.91,0.94,0.97,0.98,1.02,982,1,"long1"
"331","tau_0[21]",1,0,0.03,0.95,0.98,1,1.02,1.06,948,1,"long1"
"332","tau_0[22]",0.99,0,0.03,0.93,0.97,0.99,1,1.04,978,1,"long1"
"333","tau_0[23]",1.01,0,0.03,0.95,0.99,1,1.02,1.07,957,1,"long1"
"334","tau_0[24]",0.96,0,0.03,0.91,0.94,0.96,0.98,1.02,1000,1,"long1"
"335","tau_0[25]",0.98,0,0.03,0.93,0.96,0.98,1,1.04,1000,1,"long1"
"336","tau_0[26]",0.97,0,0.03,0.92,0.95,0.97,0.99,1.02,969,1,"long1"
"337","tau_0[27]",0.98,0,0.03,0.93,0.96,0.98,1,1.04,1000,1,"long1"
"338","tau_0[28]",0.99,0,0.03,0.93,0.97,0.99,1.01,1.05,1000,1,"long1"
"339","tau_0[29]",0.99,0,0.03,0.94,0.97,0.99,1.01,1.05,1000,1,"long1"
"340","tau_0[30]",0.94,0,0.03,0.88,0.92,0.94,0.96,0.99,957,1.01,"long1"
"341","tau_0[31]",0.99,0,0.03,0.93,0.97,0.99,1.01,1.05,1000,1.01,"long1"
"342","tau_0[32]",1,0,0.03,0.95,0.98,1,1.02,1.05,985,1,"long1"
"343","tau_0[33]",0.97,0,0.03,0.91,0.95,0.97,0.99,1.02,904,1,"long1"
"344","tau_0[34]",0.95,0,0.03,0.9,0.93,0.95,0.97,1.01,1000,1,"long1"
"345","tau_0[35]",0.96,0,0.03,0.91,0.95,0.96,0.98,1.02,948,1,"long1"
"346","tau_0[36]",0.98,0,0.03,0.93,0.96,0.98,1,1.04,946,1,"long1"
"347","tau_0[37]",0.99,0,0.03,0.94,0.98,0.99,1.01,1.05,954,0.99,"long1"
"348","tau_0[38]",0.95,0,0.03,0.9,0.93,0.95,0.97,1.01,954,1.01,"long1"
"349","tau_0[39]",0.97,0,0.03,0.92,0.95,0.97,0.99,1.03,1000,0.99,"long1"
"350","tau_0[40]",0.97,0,0.03,0.92,0.96,0.97,0.99,1.03,966,1,"long1"
"351","tau_0[41]",1,0,0.03,0.94,0.98,1,1.02,1.06,841,1,"long1"
"352","tau_0[42]",0.97,0,0.03,0.91,0.95,0.97,0.99,1.02,966,1,"long1"
"353","tau_0[43]",0.98,0,0.03,0.93,0.96,0.98,1,1.04,1000,1,"long1"
"354","tau_0[44]",0.99,0,0.03,0.93,0.97,0.99,1.01,1.05,1000,1,"long1"
"355","tau_0[45]",1,0,0.03,0.95,0.98,1,1.02,1.06,999,1,"long1"
"356","tau_0[46]",0.95,0,0.03,0.9,0.93,0.95,0.97,1.01,959,1,"long1"
"357","tau_0[47]",0.98,0,0.03,0.93,0.96,0.98,1,1.04,1000,1,"long1"
"358","tau_0[48]",0.99,0,0.03,0.94,0.97,0.99,1.01,1.05,999,1,"long1"
"359","tau_0[49]",0.97,0,0.03,0.91,0.95,0.96,0.98,1.02,1000,1.01,"long1"
"360","tau_0[50]",0.92,0,0.03,0.87,0.9,0.91,0.93,0.97,1000,1,"long1"
"361","tau_0[51]",0.98,0,0.03,0.93,0.96,0.98,1,1.04,946,1,"long1"
"362","tau_0[52]",0.98,0,0.03,0.92,0.96,0.98,1,1.04,1000,1,"long1"
"363","tau_0[53]",0.96,0,0.03,0.9,0.94,0.96,0.98,1.02,1000,1,"long1"
"364","tau_0[54]",0.98,0,0.03,0.93,0.96,0.98,1,1.04,1000,1.01,"long1"
"365","tau_0[55]",0.98,0,0.03,0.92,0.96,0.98,1,1.04,880,1,"long1"
"366","tau_0[56]",0.99,0,0.03,0.93,0.97,0.99,1.01,1.05,1000,1,"long1"
"367","tau_0[57]",0.98,0,0.03,0.92,0.96,0.98,1,1.04,952,1,"long1"
"368","tau_0[58]",0.99,0,0.03,0.94,0.97,0.99,1.01,1.05,1000,1,"long1"
"369","tau_0[59]",1,0,0.03,0.95,0.98,1,1.02,1.06,1000,1,"long1"
"370","tau_0[60]",0.99,0,0.03,0.94,0.97,0.99,1.01,1.05,997,1,"long1"
"371","tau_0[61]",0.91,0,0.03,0.86,0.89,0.91,0.93,0.97,1000,1,"long1"
"372","tau_0[62]",1,0,0.03,0.94,0.98,1,1.01,1.05,979,1,"long1"
"373","var_ratio[1]",6.22,0.01,0.22,5.81,6.06,6.22,6.37,6.68,1000,1,"long2"
"374","var_ratio[2]",4.05,0,0.15,3.78,3.95,4.05,4.15,4.34,1000,1,"long2"
"375","var_ratio[3]",4.99,0.01,0.17,4.65,4.87,4.98,5.1,5.34,1000,1,"long2"
"376","var_ratio[4]",4.97,0.01,0.18,4.63,4.85,4.96,5.09,5.31,1000,1,"long2"
"377","var_ratio[5]",5.78,0.01,0.21,5.38,5.63,5.77,5.92,6.19,1000,1,"long2"
"378","var_ratio[6]",5.23,0.01,0.18,4.9,5.11,5.22,5.34,5.59,1000,1,"long2"
"379","var_ratio[7]",4.62,0.01,0.16,4.32,4.5,4.61,4.73,4.95,1000,1,"long2"
"380","var_ratio[8]",5.62,0.01,0.19,5.26,5.49,5.62,5.75,6.02,1000,1,"long2"
"381","var_ratio[9]",4.71,0.01,0.16,4.4,4.6,4.7,4.82,5.03,1000,1,"long2"
"382","var_ratio[10]",5.61,0.01,0.21,5.21,5.46,5.6,5.75,6.05,1000,1,"long2"
"383","var_ratio[11]",5.21,0.01,0.18,4.85,5.09,5.2,5.32,5.55,1000,1,"long2"
"384","var_ratio[12]",4.74,0.01,0.16,4.43,4.63,4.73,4.85,5.06,1000,1,"long2"
"385","var_ratio[13]",4.93,0.01,0.17,4.62,4.81,4.92,5.04,5.25,1000,1,"long2"
"386","var_ratio[14]",6.65,0.01,0.24,6.21,6.48,6.64,6.79,7.14,1000,1,"long2"
"387","var_ratio[15]",5.89,0.01,0.22,5.47,5.73,5.89,6.04,6.33,1000,1,"long2"
"388","var_ratio[16]",4.71,0.01,0.17,4.39,4.59,4.7,4.83,5.06,1000,1,"long2"
"389","var_ratio[17]",4.1,0,0.14,3.83,3.99,4.1,4.2,4.37,1000,1,"long2"
"390","var_ratio[18]",4.16,0,0.16,3.86,4.06,4.16,4.27,4.48,1000,1,"long2"
"391","var_ratio[19]",3.68,0,0.13,3.42,3.59,3.68,3.76,3.93,1000,1.01,"long2"
"392","var_ratio[20]",4.98,0.01,0.17,4.67,4.86,4.97,5.09,5.32,1000,1,"long2"
"393","var_ratio[21]",6.88,0.01,0.25,6.41,6.71,6.87,7.05,7.4,1000,1,"long2"
"394","var_ratio[22]",4.68,0.01,0.17,4.35,4.57,4.67,4.79,5.03,1000,1,"long2"
"395","var_ratio[23]",7.64,0.01,0.28,7.12,7.46,7.62,7.81,8.22,1000,1,"long2"
"396","var_ratio[24]",6.09,0.01,0.22,5.69,5.93,6.08,6.23,6.49,1000,1,"long2"
"397","var_ratio[25]",4.2,0,0.15,3.92,4.1,4.2,4.29,4.52,1000,1,"long2"
"398","var_ratio[26]",3.76,0,0.15,3.49,3.66,3.76,3.85,4.06,1000,1,"long2"
"399","var_ratio[27]",5.6,0.01,0.19,5.22,5.48,5.59,5.72,5.97,1000,1,"long2"
"400","var_ratio[28]",5.44,0.01,0.2,5.07,5.32,5.44,5.57,5.84,1000,1,"long2"
"401","var_ratio[29]",4.89,0.01,0.18,4.54,4.76,4.89,5.01,5.23,1000,1,"long2"
"402","var_ratio[30]",3.23,0,0.12,3,3.14,3.22,3.3,3.48,1000,1,"long2"
"403","var_ratio[31]",5.58,0.01,0.2,5.22,5.45,5.57,5.71,5.99,1000,1,"long2"
"404","var_ratio[32]",5.94,0.01,0.21,5.53,5.79,5.93,6.08,6.38,1000,1,"long2"
"405","var_ratio[33]",4.1,0,0.15,3.82,4,4.1,4.2,4.39,1000,1,"long2"
"406","var_ratio[34]",3.92,0,0.14,3.67,3.83,3.92,4.02,4.21,1000,1,"long2"
"407","var_ratio[35]",5.34,0.01,0.19,4.98,5.21,5.35,5.47,5.74,1000,1,"long2"
"408","var_ratio[36]",5.45,0.01,0.2,5.05,5.32,5.45,5.58,5.86,1000,1,"long2"
"409","var_ratio[37]",5.25,0.01,0.18,4.94,5.12,5.24,5.37,5.64,1000,1,"long2"
"410","var_ratio[38]",4.68,0.01,0.16,4.39,4.57,4.67,4.79,5,1000,1,"long2"
"411","var_ratio[39]",5.57,0.01,0.2,5.19,5.43,5.56,5.69,5.97,1000,1,"long2"
"412","var_ratio[40]",4.23,0,0.15,3.94,4.13,4.23,4.33,4.53,1000,1,"long2"
"413","var_ratio[41]",5.48,0.01,0.2,5.11,5.34,5.47,5.62,5.86,1000,1,"long2"
"414","var_ratio[42]",4.75,0.01,0.17,4.42,4.64,4.74,4.85,5.11,1000,1,"long2"
"415","var_ratio[43]",4.71,0.01,0.16,4.41,4.6,4.71,4.83,5.03,1000,1,"long2"
"416","var_ratio[44]",4.99,0.01,0.18,4.63,4.87,4.99,5.1,5.37,1000,1,"long2"
"417","var_ratio[45]",6.27,0.01,0.21,5.85,6.14,6.26,6.4,6.71,1000,1,"long2"
"418","var_ratio[46]",5.93,0.01,0.21,5.52,5.79,5.93,6.07,6.36,1000,1,"long2"
"419","var_ratio[47]",4.57,0.01,0.16,4.28,4.46,4.57,4.68,4.9,1000,1,"long2"
"420","var_ratio[48]",4.12,0.01,0.16,3.8,4.01,4.12,4.23,4.43,1000,1,"long2"
"421","var_ratio[49]",4.29,0,0.15,4,4.18,4.28,4.38,4.59,1000,1,"long2"
"422","var_ratio[50]",3.47,0,0.13,3.23,3.39,3.48,3.56,3.74,1000,1,"long2"
"423","var_ratio[51]",4.4,0,0.15,4.11,4.3,4.41,4.5,4.7,1000,1,"long2"
"424","var_ratio[52]",6.02,0.01,0.21,5.61,5.87,6.01,6.16,6.45,1000,1,"long2"
"425","var_ratio[53]",4.23,0,0.14,3.95,4.13,4.23,4.33,4.52,1000,1,"long2"
"426","var_ratio[54]",6.55,0.01,0.23,6.12,6.39,6.55,6.71,7.01,1000,1,"long2"
"427","var_ratio[55]",5.94,0.01,0.21,5.55,5.79,5.93,6.08,6.38,1000,1,"long2"
"428","var_ratio[56]",4.46,0,0.15,4.18,4.36,4.46,4.57,4.75,1000,1,"long2"
"429","var_ratio[57]",4.2,0,0.16,3.92,4.09,4.2,4.3,4.52,1000,1,"long2"
"430","var_ratio[58]",4.71,0.01,0.16,4.41,4.6,4.7,4.82,5.05,1000,1,"long2"
"431","var_ratio[59]",5.49,0.01,0.2,5.12,5.35,5.49,5.61,5.87,1000,1,"long2"
"432","var_ratio[60]",4.7,0.01,0.18,4.37,4.58,4.7,4.82,5.05,1000,1,"long2"
"433","var_ratio[61]",3.26,0,0.12,3.05,3.18,3.26,3.34,3.5,1000,1,"long2"
"434","var_ratio[62]",6.24,0.01,0.23,5.83,6.09,6.23,6.38,6.69,1000,1,"long2"
"435","sigma[1]",0.16,0,0,0.16,0.16,0.16,0.16,0.17,1000,1,"long2"
"436","sigma[2]",0.24,0,0.01,0.23,0.24,0.24,0.24,0.25,1000,1,"long2"
"437","sigma[3]",0.2,0,0,0.19,0.2,0.2,0.2,0.21,1000,1,"long2"
"438","sigma[4]",0.2,0,0,0.19,0.2,0.2,0.2,0.21,1000,1,"long2"
"439","sigma[5]",0.17,0,0,0.17,0.17,0.17,0.17,0.18,1000,1,"long2"
"440","sigma[6]",0.19,0,0,0.18,0.19,0.19,0.2,0.2,1000,1,"long2"
"441","sigma[7]",0.21,0,0,0.2,0.21,0.21,0.22,0.22,1000,1,"long2"
"442","sigma[8]",0.18,0,0,0.17,0.17,0.18,0.18,0.19,1000,1,"long2"
"443","sigma[9]",0.21,0,0,0.2,0.21,0.21,0.21,0.22,1000,1,"long2"
"444","sigma[10]",0.18,0,0,0.17,0.18,0.18,0.18,0.19,1000,1,"long2"
"445","sigma[11]",0.19,0,0,0.19,0.19,0.19,0.2,0.2,1000,1,"long2"
"446","sigma[12]",0.21,0,0,0.2,0.21,0.21,0.21,0.22,1000,1,"long2"
"447","sigma[13]",0.2,0,0,0.19,0.2,0.2,0.2,0.21,1000,1,"long2"
"448","sigma[14]",0.15,0,0,0.15,0.15,0.15,0.15,0.16,1000,1,"long2"
"449","sigma[15]",0.17,0,0,0.16,0.16,0.17,0.17,0.17,1000,1,"long2"
"450","sigma[16]",0.21,0,0,0.2,0.21,0.21,0.21,0.22,1000,1,"long2"
"451","sigma[17]",0.24,0,0,0.23,0.24,0.24,0.24,0.25,1000,1,"long2"
"452","sigma[18]",0.24,0,0,0.23,0.23,0.24,0.24,0.25,1000,1,"long2"
"453","sigma[19]",0.26,0,0.01,0.25,0.26,0.26,0.26,0.27,1000,1,"long2"
"454","sigma[20]",0.2,0,0,0.19,0.19,0.2,0.2,0.21,1000,1,"long2"
"455","sigma[21]",0.15,0,0,0.14,0.14,0.15,0.15,0.15,1000,1,"long2"
"456","sigma[22]",0.21,0,0,0.2,0.21,0.21,0.21,0.22,1000,1,"long2"
"457","sigma[23]",0.13,0,0,0.13,0.13,0.13,0.13,0.14,1000,1,"long2"
"458","sigma[24]",0.16,0,0,0.16,0.16,0.16,0.17,0.17,1000,1,"long2"
"459","sigma[25]",0.24,0,0,0.23,0.23,0.24,0.24,0.25,1000,1,"long2"
"460","sigma[26]",0.26,0,0.01,0.25,0.26,0.26,0.26,0.27,1000,1,"long2"
"461","sigma[27]",0.18,0,0,0.17,0.18,0.18,0.18,0.19,1000,1,"long2"
"462","sigma[28]",0.18,0,0,0.17,0.18,0.18,0.18,0.19,1000,1,"long2"
"463","sigma[29]",0.2,0,0,0.2,0.2,0.2,0.21,0.21,1000,1,"long2"
"464","sigma[30]",0.3,0,0.01,0.28,0.29,0.3,0.3,0.31,1000,1,"long2"
"465","sigma[31]",0.18,0,0,0.17,0.18,0.18,0.18,0.18,1000,1,"long2"
"466","sigma[32]",0.17,0,0,0.16,0.17,0.17,0.17,0.18,1000,1,"long2"
"467","sigma[33]",0.24,0,0,0.23,0.23,0.24,0.24,0.25,1000,1,"long2"
"468","sigma[34]",0.25,0,0.01,0.24,0.25,0.25,0.26,0.26,1000,1,"long2"
"469","sigma[35]",0.19,0,0,0.18,0.18,0.19,0.19,0.19,1000,1,"long2"
"470","sigma[36]",0.18,0,0,0.18,0.18,0.18,0.19,0.19,1000,1,"long2"
"471","sigma[37]",0.19,0,0,0.19,0.19,0.19,0.2,0.2,1000,1,"long2"
"472","sigma[38]",0.21,0,0,0.2,0.21,0.21,0.21,0.22,1000,1,"long2"
"473","sigma[39]",0.18,0,0,0.17,0.18,0.18,0.18,0.19,1000,1,"long2"
"474","sigma[40]",0.23,0,0,0.22,0.23,0.23,0.24,0.24,1000,1,"long2"
"475","sigma[41]",0.18,0,0,0.18,0.18,0.18,0.19,0.19,1000,1,"long2"
"476","sigma[42]",0.21,0,0,0.2,0.2,0.21,0.21,0.22,1000,1,"long2"
"477","sigma[43]",0.21,0,0,0.2,0.21,0.21,0.22,0.22,1000,1,"long2"
"478","sigma[44]",0.2,0,0,0.19,0.2,0.2,0.2,0.21,1000,1,"long2"
"479","sigma[45]",0.16,0,0,0.15,0.16,0.16,0.16,0.16,1000,1,"long2"
"480","sigma[46]",0.17,0,0,0.16,0.16,0.17,0.17,0.17,1000,1,"long2"
"481","sigma[47]",0.22,0,0,0.21,0.21,0.22,0.22,0.23,1000,1,"long2"
"482","sigma[48]",0.24,0,0,0.23,0.23,0.24,0.24,0.25,1000,1,"long2"
"483","sigma[49]",0.23,0,0,0.22,0.23,0.23,0.23,0.24,1000,1,"long2"
"484","sigma[50]",0.27,0,0.01,0.26,0.27,0.27,0.28,0.29,1000,1,"long2"
"485","sigma[51]",0.23,0,0,0.22,0.23,0.23,0.23,0.24,1000,1,"long2"
"486","sigma[52]",0.17,0,0,0.16,0.17,0.17,0.17,0.18,1000,1,"long2"
"487","sigma[53]",0.23,0,0,0.22,0.23,0.23,0.23,0.24,1000,1,"long2"
"488","sigma[54]",0.15,0,0,0.15,0.15,0.15,0.15,0.16,1000,1,"long2"
"489","sigma[55]",0.17,0,0,0.16,0.17,0.17,0.17,0.18,1000,1,"long2"
"490","sigma[56]",0.22,0,0,0.22,0.22,0.22,0.23,0.23,1000,1,"long2"
"491","sigma[57]",0.23,0,0.01,0.23,0.23,0.23,0.24,0.25,1000,1,"long2"
"492","sigma[58]",0.22,0,0,0.21,0.21,0.22,0.22,0.23,1000,1,"long2"
"493","sigma[59]",0.18,0,0,0.18,0.18,0.18,0.18,0.19,1000,1,"long2"
"494","sigma[60]",0.21,0,0,0.2,0.21,0.21,0.22,0.22,1000,1,"long2"
"495","sigma[61]",0.3,0,0.01,0.29,0.29,0.3,0.3,0.31,1000,1,"long2"
"496","sigma[62]",0.16,0,0,0.15,0.16,0.16,0.16,0.17,1000,1,"long2"
"497","tau_0[1]",1,0,0.03,0.95,0.98,1,1.02,1.06,1000,1,"long2"
"498","tau_0[2]",0.98,0,0.03,0.92,0.96,0.97,0.99,1.03,1000,1,"long2"
"499","tau_0[3]",0.99,0,0.03,0.94,0.97,0.99,1.01,1.04,1000,1,"long2"
"500","tau_0[4]",0.99,0,0.03,0.93,0.97,0.99,1.01,1.05,1000,1,"long2"
"501","tau_0[5]",1,0,0.03,0.94,0.98,0.99,1.02,1.06,1000,1,"long2"
"502","tau_0[6]",1.01,0,0.03,0.95,0.99,1,1.02,1.07,1000,1,"long2"
"503","tau_0[7]",0.99,0,0.03,0.94,0.97,0.99,1.01,1.04,1000,1,"long2"
"504","tau_0[8]",1,0,0.03,0.94,0.98,1,1.01,1.05,1000,1,"long2"
"505","tau_0[9]",0.99,0,0.03,0.94,0.97,0.99,1.01,1.04,1000,1,"long2"
"506","tau_0[10]",1,0,0.03,0.95,0.98,1,1.02,1.07,1000,1,"long2"
"507","tau_0[11]",1,0,0.03,0.95,0.98,1,1.02,1.06,1000,1,"long2"
"508","tau_0[12]",0.99,0,0.03,0.94,0.97,0.99,1.01,1.05,1000,1,"long2"
"509","tau_0[13]",1,0,0.03,0.95,0.98,0.99,1.01,1.06,1000,1,"long2"
"510","tau_0[14]",1.01,0,0.03,0.96,0.99,1.01,1.03,1.07,1000,1,"long2"
"511","tau_0[15]",0.97,0,0.03,0.92,0.95,0.97,0.99,1.03,1000,1,"long2"
"512","tau_0[16]",0.99,0,0.03,0.94,0.97,0.99,1.01,1.05,1000,1,"long2"
"513","tau_0[17]",0.99,0,0.03,0.93,0.97,0.99,1,1.04,1000,1,"long2"
"514","tau_0[18]",0.98,0,0.03,0.92,0.96,0.98,1,1.04,1000,1,"long2"
"515","tau_0[19]",0.96,0,0.03,0.91,0.94,0.96,0.98,1.01,1000,1,"long2"
"516","tau_0[20]",0.98,0,0.03,0.93,0.96,0.98,1,1.04,1000,1,"long2"
"517","tau_0[21]",1.01,0,0.03,0.95,0.99,1.01,1.03,1.07,1000,1,"long2"
"518","tau_0[22]",0.99,0,0.03,0.94,0.97,0.99,1.01,1.05,1000,1,"long2"
"519","tau_0[23]",1.01,0,0.03,0.95,0.99,1.01,1.03,1.07,1000,1,"long2"
"520","tau_0[24]",1,0,0.03,0.95,0.98,1,1.02,1.06,1000,1,"long2"
"521","tau_0[25]",1,0,0.03,0.94,0.98,0.99,1.01,1.06,1000,1,"long2"
"522","tau_0[26]",0.97,0,0.03,0.91,0.95,0.97,0.99,1.04,1000,1,"long2"
"523","tau_0[27]",1.01,0,0.03,0.95,0.99,1.01,1.03,1.06,1000,1,"long2"
"524","tau_0[28]",0.99,0,0.03,0.93,0.97,0.99,1.01,1.05,1000,1,"long2"
"525","tau_0[29]",1,0,0.03,0.94,0.98,1,1.02,1.06,1000,1,"long2"
"526","tau_0[30]",0.95,0,0.03,0.9,0.93,0.95,0.97,1.01,1000,1,"long2"
"527","tau_0[31]",0.99,0,0.03,0.94,0.97,0.99,1.01,1.05,1000,1,"long2"
"528","tau_0[32]",1,0,0.03,0.95,0.99,1,1.02,1.06,1000,1,"long2"
"529","tau_0[33]",0.97,0,0.03,0.92,0.95,0.97,0.99,1.03,1000,1,"long2"
"530","tau_0[34]",0.99,0,0.03,0.94,0.97,0.99,1.01,1.05,1000,1,"long2"
"531","tau_0[35]",0.99,0,0.03,0.94,0.97,1,1.01,1.05,1000,1,"long2"
"532","tau_0[36]",1,0,0.03,0.95,0.99,1.01,1.02,1.06,1000,1,"long2"
"533","tau_0[37]",1.01,0,0.03,0.96,0.99,1.01,1.03,1.07,1000,1,"long2"
"534","tau_0[38]",0.99,0,0.03,0.94,0.97,0.99,1.01,1.04,1000,1,"long2"
"535","tau_0[39]",0.99,0,0.03,0.94,0.97,0.99,1.01,1.05,1000,1,"long2"
"536","tau_0[40]",0.98,0,0.03,0.93,0.96,0.98,1,1.04,1000,1,"long2"
"537","tau_0[41]",1.01,0,0.03,0.95,0.99,1.01,1.03,1.07,1000,1,"long2"
"538","tau_0[42]",0.99,0,0.03,0.93,0.97,0.98,1.01,1.05,1000,1,"long2"
"539","tau_0[43]",1,0,0.03,0.95,0.98,1,1.02,1.06,1000,1,"long2"
"540","tau_0[44]",1,0,0.03,0.94,0.98,1,1.02,1.06,1000,1,"long2"
"541","tau_0[45]",0.99,0,0.03,0.94,0.98,0.99,1.01,1.05,1000,1,"long2"
"542","tau_0[46]",0.99,0,0.03,0.93,0.97,0.99,1.01,1.05,1000,1,"long2"
"543","tau_0[47]",0.99,0,0.03,0.94,0.97,0.99,1.01,1.05,1000,1,"long2"
"544","tau_0[48]",0.98,0,0.03,0.93,0.96,0.98,1,1.04,1000,1,"long2"
"545","tau_0[49]",0.98,0,0.03,0.93,0.96,0.98,1,1.03,1000,1,"long2"
"546","tau_0[50]",0.95,0,0.03,0.9,0.94,0.95,0.97,1.02,1000,1,"long2"
"547","tau_0[51]",1.01,0,0.03,0.96,0.99,1.01,1.03,1.07,1000,1,"long2"
"548","tau_0[52]",1.01,0,0.03,0.96,0.99,1.01,1.03,1.07,1000,1,"long2"
"549","tau_0[53]",0.98,0,0.03,0.93,0.96,0.98,1,1.03,1000,1,"long2"
"550","tau_0[54]",1,0,0.03,0.94,0.98,1,1.02,1.06,1000,1,"long2"
"551","tau_0[55]",1,0,0.03,0.95,0.98,1,1.02,1.06,1000,1,"long2"
"552","tau_0[56]",1,0,0.03,0.95,0.98,1,1.02,1.05,1000,1,"long2"
"553","tau_0[57]",0.99,0,0.03,0.93,0.97,0.98,1,1.05,1000,1,"long2"
"554","tau_0[58]",1.03,0,0.03,0.97,1.01,1.02,1.04,1.09,1000,1,"long2"
"555","tau_0[59]",1,0,0.03,0.94,0.98,1,1.02,1.06,1000,1,"long2"
"556","tau_0[60]",1,0,0.03,0.94,0.98,1,1.02,1.06,1000,1,"long2"
"557","tau_0[61]",0.97,0,0.03,0.92,0.95,0.97,0.99,1.03,1000,1,"long2"
"558","tau_0[62]",1,0,0.03,0.95,0.98,1,1.02,1.06,1000,1,"long2"
