"DktRegion","Pipeline","sigma.0.","sigma.2.5.","sigma.25.","sigma.50.","sigma.75.","sigma.97.5.","sigma.100.","sigma.sd","tau0.0.","tau0.2.5.","tau0.25.","tau0.50.","tau0.75.","tau0.97.5.","tau0.100.","tau_0.sd","tau1.0.","tau1.2.5.","tau1.25.","tau1.50.","tau1.75.","tau1.97.5.","tau1.100.","tau_1.sd","variance.ratio.0.","variance.ratio.2.5.","variance.ratio.25.","variance.ratio.50.","variance.ratio.75.","variance.ratio.97.5.","variance.ratio.100.","variance.ratio.sd","variance.ratio.exp.0.","variance.ratio.exp.2.5.","variance.ratio.exp.25.","variance.ratio.exp.50.","variance.ratio.exp.75.","variance.ratio.exp.97.5.","variance.ratio.exp.100.","variance.ratio.exp.sd"
"lcACC","ANTsXNet",0.342654678434984,0.352951140005419,0.360520884038046,0.364718040444135,0.36874785068442,0.377245508213806,0.388626330898457,0.00610518051547608,0.844177897453789,0.888030817357302,0.919391837633467,0.93704029604082,0.955509371478716,0.991465104815572,1.04298139663055,0.0264409817768032,0.14963025284984,0.246508665563744,1.10443644327907,2.06540892610623,4.05955257361409,8.38934796754179,9.6992679494903,2.42160429232384,2.27430229426343,2.41338564082652,2.51415615476836,2.57006734580481,2.62763800736307,2.7411027730049,2.874961798988,0.0838925748493757,2.85726064573511,3.21553351782319,5.59854637413642,8.21390884240852,13.6817300484349,25.5960437443331,29.453638696998,6.65088602055525
"lcMFG","ANTsXNet",0.445136476074786,0.454332969734483,0.463998995679097,0.468751914608744,0.474023004671854,0.484289581591829,0.499652316030327,0.0076331615413665,0.802461214761495,0.836690166105959,0.868320829080084,0.885143788356908,0.90235894094279,0.938609660969062,0.99178979912862,0.0262055875585334,0.121667265890485,0.183687126581531,0.47249505442933,1.29037745832694,4.368196383754,16.5837258946692,18.980039109267,4.97082625224164,1.69162844203639,1.76549681509958,1.84568605238043,1.88848620706712,1.93292697588616,2.02337151098096,2.13526410980778,0.0652247426904838,2.04240052124287,2.29808237115306,2.91024331140042,4.64693613509875,11.0635163093909,37.3543504021123,42.7108602438122,10.6092986428059
"lCUN","ANTsXNet",0.435550978540248,0.452718062445722,0.462199854538025,0.467305690759908,0.472304725149913,0.482562767176588,0.496079955000238,0.00768105094852716,0.806354940701964,0.846331886593004,0.879938497646163,0.897101365524477,0.915417393461421,0.953776029436521,0.990614647767431,0.0268792064047168,0.410955554609681,0.53275684114849,0.899784168287936,1.52558396921584,2.9163576544646,6.54033077565562,7.88684599840582,1.79222359159418,1.7172053955902,1.79524679082042,1.8757878303856,1.92108929953252,1.96631600389622,2.06028119236048,2.15147640274398,0.0676142116111521,2.7412296725713,3.03873770892713,3.83679849194305,5.17348865564798,8.14799952541363,16.0169170637535,19.402928844707,3.83913399364057
"lENT","ANTsXNet",0.392674658756401,0.40452255358623,0.41340790754219,0.417874867049587,0.422595602548631,0.431920771701308,0.442277067432313,0.00690690855885892,0.833770886406928,0.877140876553593,0.90838795776625,0.926714840003449,0.945388312668856,0.982196638548064,1.03722443845302,0.0271467671167725,0.650696561895179,0.862534716948311,1.54966314285668,2.40602472500128,3.74308288244804,7.46144701148751,8.73399841682697,1.75646449722731,1.96550541366577,2.074224809294,2.16697279874165,2.2172868598001,2.26916116315453,2.37131999270099,2.53340868103937,0.0767158465980944,3.76274383341317,4.28803862620789,5.91228455387617,7.96800965570353,11.1580827577326,19.9613679702432,23.2924325062193,4.21016587165469
"lFUS","ANTsXNet",0.417352730875736,0.4267473634121,0.435569000756493,0.440377581056314,0.44533470576226,0.455731318432809,0.466795869779562,0.00736226917636774,0.818481666236856,0.860767526958013,0.892741998121383,0.910344733181503,0.928311138907804,0.963353302093694,1.00500148533786,0.0262045875936935,0.117649145398542,0.174675882007854,0.751541363186582,1.83516335557338,3.66751709611863,7.56587256074172,11.2406648098343,2.1571454451905,1.80003677999499,1.93168583602955,2.01979934420139,2.0678371962094,2.11569754361851,2.20605903465012,2.33408894207733,0.0701335962586544,2.21109600990679,2.42422669267515,3.75239520561032,6.2498082298859,10.4402119875315,19.1114299801774,26.7132945198171,4.89735275747546
"lIPL","ANTsXNet",0.401336098912079,0.409573391496852,0.418001271795088,0.422629201338289,0.427230693482625,0.436745298229342,0.446720666727643,0.00692972786883576,0.828881277678304,0.864830029904862,0.899239686038005,0.916735792604715,0.934124576055346,0.972074498669696,1.01748980214388,0.026772301054087,0.115290372618121,0.145586260287073,0.287462220543761,0.544514953208188,1.08072109960882,7.28989330803867,10.785165612223,1.76171118095205,1.92425373929285,2.03203667506327,2.11920908607294,2.16942082878422,2.21879858841754,2.3194448922041,2.43484398920298,0.0732088786579903,2.30940341038935,2.50964951433426,2.86009989002669,3.45461647123403,4.72678110499795,19.302420256139,27.8101982327469,4.15710575624208
"lITG","ANTsXNet",0.444209435538852,0.458013879486192,0.467403047292435,0.472612597686902,0.477737221253874,0.488651238697375,0.503109200433846,0.00774199391572177,0.791328686241035,0.841315303511437,0.87105439987272,0.888247174459598,0.906622482109981,0.945378715557306,1.00758270599667,0.0269543559777678,1.75539505342897,2.24991084167038,3.88417390605655,6.17613461476049,9.20137651524969,28.7935961038354,39.8358704388222,6.66307890624401,1.66710422115555,1.75784465533805,1.83614744850417,1.88102144888665,1.92616250006871,2.01628862775466,2.16059892385528,0.0664517125688084,5.52968217483478,6.60912378486721,10.1082394562633,14.9221576812839,21.3661263244229,62.1126777421087,87.100048978881,14.0777318685124
"liCC","ANTsXNet",0.379148305265488,0.386900956785335,0.395176967885996,0.399627593830445,0.403979076766379,0.412806170490043,0.425368660854254,0.00654529556212014,0.831177609879468,0.869622935469893,0.901956605479883,0.920246127182254,0.93879691072094,0.972892002677147,1.01462871385741,0.0266686708965631,0.0200773643914077,0.0234000683727917,0.724110163954324,3.34049708410215,6.78340757452875,47.9151585909937,60.7112734408341,13.7133606900673,2.06500664595265,2.15753933450879,2.25114036142983,2.30330912687863,2.35608101217969,2.45104016627754,2.57679657623796,0.0768189101434334,2.16610322049776,2.30931215171902,4.11513802786766,10.6734824553868,19.2627067394698,123.017093515761,156.21826322869,34.3201048019802
"lLOG","ANTsXNet",0.416500967121714,0.426541894599132,0.436204430100169,0.441056753666367,0.44620679955069,0.455631560935207,0.467145670958157,0.00744851210770811,0.810488391700188,0.861696602458566,0.89216911448462,0.910943550907389,0.928314644063521,0.966051912443739,1.00962250615975,0.0267939880111558,0.162825423171345,0.245384606880838,0.672706651721142,1.66325325772319,2.87124357588216,6.72603413394542,8.88072542868106,1.71418097730634,1.8123607707837,1.93410302091707,2.01689366986689,2.06426211662499,2.11264466639209,2.20812411183786,2.34849059115081,0.0705690520012152,2.27679884051207,2.60880183083563,3.592155581601,5.86545092444167,8.59378127436284,17.4045620827349,22.2807645176661,3.88720181814139
"lLOF","ANTsXNet",0.427561936633474,0.438183911724823,0.446998893860355,0.451968784609596,0.456966934284342,0.466817609394131,0.482622209939209,0.00735588805535482,0.822465647911642,0.851527909498574,0.8825554461546,0.900157746024798,0.918406624823953,0.953246303415457,0.996993472315476,0.0261087546370017,0.0426206538303012,0.0550317435902937,0.163397231115292,0.596367549359419,1.53252765177693,4.53985343128168,6.03002813273146,1.30414292052458,1.7631681914568,1.8657783737412,1.94626816811532,1.99048102918741,2.03826749621259,2.12902251708489,2.24513486382582,0.067058468893462,1.95905634125461,2.07263193981776,2.36619860922411,3.33643152840506,5.41217962660955,12.1317803780166,15.6159912227628,2.88957111119261
"lLING","ANTsXNet",0.409657090137261,0.417815205733533,0.427542620917231,0.432264739739445,0.43708782384266,0.446754552083747,0.456277302260611,0.00720925292090577,0.814330119340702,0.862779717160101,0.897137024052977,0.914839817525685,0.934064490947338,0.969745193855664,1.01336901843009,0.0272938521658194,0.247517107244247,0.324378999235336,0.601083338817096,0.993717031688192,2.2675969525484,8.43460081915145,12.3467101699506,2.38332308528488,1.84479522607142,1.97533189925423,2.06706085882638,2.11752713162463,2.167040655449,2.26563333806982,2.4005823622646,0.0738724364983908,2.63264090829232,2.83147382020208,3.50197147704939,4.42550712206799,7.40138168543517,21.6891813567644,30.2860237985641,5.52156861123504
"lMOF","ANTsXNet",0.453004377678676,0.460252840693549,0.469643035751819,0.474800630002603,0.480194553472904,0.490432639337788,0.505753050210487,0.00774922463591475,0.803033181301812,0.836131987047384,0.868388882967333,0.886477199898404,0.902950965940042,0.938598457627955,0.991312294506656,0.0260290172821974,0.580418616161553,0.885639108046965,2.10614755742887,3.50957596585912,4.51623722524398,9.83626836883384,15.3777260316656,2.38392396171583,1.63882090522829,1.74511163222631,1.82383441950798,1.86528077937624,1.90776922632065,1.99388970044905,2.11880392883378,0.063375105498998,2.97185089188758,3.72180749759868,6.31519327519735,9.25878812405189,11.35554995975,22.6083031319438,34.6578025769521,5.02027820805902
"lMGH","ANTsXNet",0.425476687776091,0.435444368294226,0.444646046718061,0.44951316728123,0.45478854780218,0.464542427378299,0.475329469367723,0.00744747507129753,0.820894919309286,0.854987116694928,0.885092562542257,0.903078104850218,0.921578075463468,0.957258267318261,1.01100056718986,0.0265464622189591,0.523984701895768,0.728575339281805,1.54653319773487,2.46787771509273,3.33740712566386,5.90733960327303,7.01117949274648,1.37120372155541,1.79233476901641,1.8792817299122,1.96248638865127,2.00952993878212,2.05754554736849,2.14636327615665,2.27464994864022,0.0689834986318867,3.0923181677344,3.62394279823492,5.4675103394684,7.48804610083947,9.43404627051215,15.1675780383793,18.0000094549408,3.0537228303604
"lPARH","ANTsXNet",0.357556425880815,0.365627712561181,0.372814131293992,0.377028110036017,0.381236825187909,0.389845506035879,0.404724387175718,0.00618931019343405,0.841005605834315,0.891869890287252,0.924741809490827,0.942757786312212,0.961213502623016,0.997679047955092,1.07179115248408,0.0274876043135217,0.485823764991451,0.603852391497333,1.2134179088974,1.75941414995461,2.85032160115408,10.4370351566445,13.2226128243675,2.5254128997154,2.18121735750062,2.34124328681737,2.44351716077854,2.50222552823146,2.55763819412777,2.67177343907504,2.82719167406274,0.0850915083420471,3.72032334797197,4.08884202362237,5.71795855291177,7.19237140236693,10.0483877430741,30.3093861167931,38.1035521371319,6.70258848713404
"lparaC","ANTsXNet",0.390858468874105,0.4056538947968,0.413988411550332,0.418719296033588,0.423517464336246,0.432368099866645,0.442310421539223,0.00692122075445085,0.8320980097837,0.870653114072093,0.901867562077629,0.919214277128726,0.938531134116121,0.975353044070899,1.03656895136986,0.0269526526489564,0.191831079278507,0.233252736515365,1.19456694701722,3.75036486986519,5.00586188362521,10.2757533883193,14.660568625008,2.51687017299813,1.93925623674734,2.05473029392891,2.14583942232097,2.19777053559466,2.24830554772361,2.34655508139347,2.48467070564974,0.0754372902992264,2.50677427522175,2.72563220991294,5.08594162275697,11.1293528813449,14.1520795534223,26.9343000142916,36.5995017285279,6.01917456165946
"lpOPER","ANTsXNet",0.406799677545564,0.420207489367641,0.42918971796567,0.433962548415309,0.438975225406099,0.448496645979256,0.460276893752406,0.00721408666321471,0.808749244759062,0.849006480166846,0.881471029675818,0.898335745699234,0.916163733458823,0.949911513402198,0.991692658806579,0.0258486288241633,0.222750110945986,0.283663440373655,1.61778207743885,3.88992855509359,5.64821699688967,11.201843546507,14.9166528646487,2.96601432938963,1.85934096823105,1.93224611694089,2.02293725699777,2.07131426616917,2.11837797651791,2.21094706487325,2.33983903476332,0.0705615548187668,2.51346740544871,2.70832651945165,5.75073844008199,11.0373611421943,15.1567239995349,27.8979242090101,36.8290938623757,6.8391876034998
"lpORB","ANTsXNet",0.47985692202386,0.490868453148032,0.500966139687588,0.506701617975479,0.512450685366038,0.522925737381576,0.538904309482252,0.00837449380285648,0.776995781719549,0.820381894432012,0.852516354855219,0.869713931990048,0.887569465562542,0.923522835848839,0.973549887454218,0.0265459623956933,0.217904700247346,0.300335220312993,0.827718620266318,1.70915547582395,2.82422074178954,4.26502968968552,5.37639405250066,1.17457493814254,1.50087245087804,1.60292400181348,1.67564205967578,1.71805863660415,1.75679729885147,1.84148988039227,1.97449469467455,0.0608429263179158,2.09053419608467,2.30084261624117,3.32891449243069,5.06892403146718,7.30821207917985,10.1413078969444,12.3755447357947,2.32124226771161
"lpTRI","ANTsXNet",0.451851921131637,0.465136982479306,0.474881282463424,0.480235420643235,0.485204340500212,0.49627058435306,0.506384048331782,0.00790778370157081,0.799729052450703,0.834831255374731,0.866798048793542,0.88408970506255,0.902258185035269,0.938591483037295,0.977989497947635,0.0266569262768206,0.0754068268458945,0.0919855201050974,0.359962084284187,0.796672216266142,1.42854539799324,3.61381875466949,5.72594372640457,0.938389351832993,1.63583210456052,1.72313551576757,1.79780406499225,1.84201605587962,1.88699499040981,1.97131598653388,2.06111906213782,0.0642774406493303,1.86049303172029,2.03326917574627,2.58720332795918,3.48965475285,4.8133085924747,9.37413267695763,13.8883330578023,1.95442455643691
"lperiCAL","ANTsXNet",0.411634681875883,0.423217297653671,0.431978798642051,0.436698630180934,0.441506548541446,0.450865928744309,0.462437737654992,0.00707495808743393,0.8219788417362,0.860024460215795,0.892863229107572,0.910324029364795,0.927871526766545,0.963448942638064,1.02740183841552,0.0263184026289498,0.421258265579276,0.5294897893598,1.06153879181221,1.53885051040659,2.62551847011612,5.07855928176599,6.64655412085509,1.17074326015316,1.87326121767643,1.95585724889601,2.03861353133778,2.08423499364216,2.13128295742341,2.22657031921724,2.35902390907517,0.0693359802768104,2.98084817844429,3.29983652208657,4.52745839391125,5.60984397747089,8.11649936502927,13.7380882299412,17.2807119414297,2.68257342935193
"lpostC","ANTsXNet",0.456775252610545,0.470247167053074,0.479716710480149,0.485210910613934,0.490545577908454,0.500530978682483,0.515902047273082,0.00792843108588796,0.795121832708917,0.830452544160783,0.863546614125344,0.880174455772394,0.898584665094021,0.932281874956215,0.971734361898843,0.0260825550237713,0.270154431700817,0.403894198241529,1.92048357971526,4.36422701594802,6.70702972353478,17.7525116791626,25.551680619794,4.22442580956714,1.60128507993581,1.69767881101947,1.77250006996965,1.81447939508445,1.85625790983688,1.94153752493585,2.07853588166322,0.0626871622226748,2.28034986529196,2.6579309967819,5.74905320000449,10.7938903864346,15.6259886451637,38.1102343787828,54.1674819162571,8.69922561467228
"lPCC","ANTsXNet",0.338285993045685,0.344918837320614,0.352488051009368,0.35615677098057,0.360192281183022,0.368044592446529,0.380158353191944,0.00587204838374827,0.861501375927683,0.893866501891158,0.925671424779713,0.942938835391886,0.960609849883955,0.995817796680876,1.03545199742916,0.0259096067233751,0.122382096803778,0.153002644079984,1.0599795491773,2.05901734589202,3.79426993985573,23.6729422074762,26.9445527414576,6.12021300297487,2.35269819621033,2.48411859766269,2.58892747395425,2.64577665786273,2.70595531288884,2.81970073942132,2.99342416050365,0.0858239762968175,2.81736050591576,3.05675867574672,5.61162017547961,8.44288471599292,13.2273379500995,69.0319553919413,78.1684321477915,17.1910394989242
"lPreC","ANTsXNet",0.441565586010817,0.451324378524522,0.46043568322497,0.465611561252734,0.470859722969321,0.480408379508463,0.497343598391581,0.00755439088512527,0.801507255823122,0.840593296663841,0.874001874237528,0.892060005488372,0.909912776129601,0.946324022807327,0.998208605792876,0.0267750199127245,0.424326642104029,0.540182868350901,1.45079601836453,2.63760711144691,4.92725370043731,13.7537752430286,15.7947146571124,3.74788447457536,1.6876808485687,1.79425925777898,1.87069222292372,1.91526010023001,1.95962663366526,2.04794477513104,2.18064689067424,0.065362144452873,2.76899429049722,3.07289896652623,5.02749811993758,7.5601101411525,12.5287516861228,31.5640694260543,35.8704519622059,8.05712938604274
"lPCUN","ANTsXNet",0.342797284028146,0.351405325877195,0.358773817693332,0.362631652048316,0.36659007727621,0.374769954626026,0.3887799431837,0.00592199347134069,0.85372028080092,0.891448495833871,0.923952119168758,0.940891367917767,0.959920698909782,0.997449543431001,1.04182786651594,0.0268548853288815,0.287325056807034,0.426245093831591,0.804650035735061,1.27246395561281,2.55257264439886,4.30369256684661,5.74492624251618,1.09792398633128,2.29185279917526,2.43767761520596,2.5385861607689,2.59392491683369,2.65678690757021,2.76895890768906,2.92472511093682,0.0862061856006191,3.26008620965227,3.73768433101959,4.82739851989191,6.12004109954035,9.63544166957475,14.4145429189097,18.6466385081951,3.03003819054246
"lrACC","ANTsXNet",0.4006207489423,0.413534234303012,0.422445235592994,0.426905170806609,0.431775958494899,0.440333618327704,0.452117301629285,0.00687265977965927,0.82894565584004,0.864271633911696,0.896683659096869,0.914271671983378,0.933138089604352,0.969923556928278,1.03230378499081,0.027059320849486,0.115357263166155,0.171201835798938,0.302846479563682,0.540474965672341,1.3117665582142,3.86754205547868,6.30049598401269,1.11043053226246,1.91206524441397,2.00669607780659,2.09333053408741,2.14251722962049,2.19179757720707,2.29145225124133,2.44659614126282,0.0722378390322294,2.32440528995425,2.52109846780029,2.85239252903314,3.41841634914766,5.22255274498582,11.2348741772384,17.199993976056,2.60211841673097
"lrMFG","ANTsXNet",0.455403648405032,0.466192324244297,0.47568290215826,0.480909941386367,0.486330406291596,0.496734529582374,0.514624581778375,0.00785862906043476,0.795749918293729,0.83446658126049,0.865143497246375,0.883040437801456,0.900965994687887,0.937430068623362,0.989192309394967,0.026478380003758,0.622243385560186,0.905078238914263,2.11457787366122,3.13637614607847,5.12272094109353,10.2830763262385,12.9116061135022,2.62468955065851,1.61583488178742,1.7169061105302,1.79188149703116,1.83605519723814,1.87983707873064,1.96535306036666,2.06134930052521,0.0639653396385587,3.04425456144214,3.68570573540428,6.23938046487551,8.36579536364448,12.5485366294044,23.2685533865046,28.4080799893426,5.46144621398072
"lSFG","ANTsXNet",0.430292364482259,0.44125787793182,0.450654936897597,0.455851035439488,0.460799887118542,0.470911148125704,0.482515174539176,0.0075000336852148,0.803109973896601,0.847879293750214,0.88034593179552,0.897636844157818,0.91589107766704,0.952278500481603,0.989269544952462,0.0265705132522496,0.28502822101193,0.443188731995161,0.912659771812391,2.05739893034616,2.98610402183336,5.93835347039469,7.55253339007855,1.44717610232524,1.74347358698599,1.84528535998675,1.92422488176943,1.97027997159777,2.01686345870388,2.10796259253229,2.19948162350984,0.0673558677326052,2.51588349085848,2.92286521078937,3.99583576270561,6.49969535913366,8.52615258931442,15.0316139941925,18.750501020455,3.17618096043462
"lSPL","ANTsXNet",0.375426530633857,0.387604247477158,0.395975287450839,0.400254659591728,0.404879618801684,0.413128691225301,0.423833061101114,0.00661848653329701,0.834506014884201,0.876126115039338,0.910519457840347,0.929034772947536,0.947983902396584,0.985704673150785,1.05108697409542,0.0279723842784121,0.182864187852056,0.240133405115772,0.59801444431238,1.79649274473446,6.19086636386732,24.0772974894602,27.6646060407924,7.2867490670513,2.06547819049517,2.16618894362636,2.26750083585396,2.31999458979957,2.37578792642986,2.48409160607205,2.69376552012093,0.0808638198840223,2.61989835764773,2.95164644286417,3.81457256870481,6.82505370856734,17.9987060404715,62.3154004672242,72.4803970699947,18.2251534298096
"lSTG","ANTsXNet",0.402579652380552,0.413098089872574,0.422026588103769,0.42667079483653,0.431344375640303,0.440912425972696,0.453011379104078,0.00700700938681513,0.815448280424128,0.864811333835323,0.896034211094964,0.913326733204946,0.931273066366564,0.966813414284286,1.02278369442635,0.0262539765786993,0.0433402555175953,0.0548169773824549,0.63595752134884,3.84392344727746,6.29742685462861,13.8255008337157,16.8542056268672,3.60437607632463,1.87888429124557,2.00767229832304,2.09325250743724,2.14078438509215,2.18952419277892,2.28562603514185,2.41926661750065,0.0710550642958914,2.06988426023706,2.24212706342643,3.62738035131686,11.1117849102572,16.9022935068837,34.3638464607025,41.4479649935034,8.45984150212592
"lSMAR","ANTsXNet",0.47858323062236,0.491051414185267,0.501401521571708,0.506726342243507,0.512421491333625,0.522991202805906,0.538602847125036,0.00820535498122542,0.775699662339863,0.815564986472412,0.848619412259386,0.865509715134156,0.882959333406038,0.917590792291801,0.977071578382132,0.0256252207131248,0.0514147551854826,0.0675783337320084,0.299369455972332,2.28753251990729,8.22634853058836,31.0798101205127,46.145892777994,7.91921811624895,1.51293534640644,1.59398202513056,1.66887619665022,1.70864515243981,1.74753645177839,1.82608621155131,1.94562310681258,0.0584555057869837,1.67141922628462,1.80768872813309,2.28746096273628,6.25224694042767,17.9885961689406,62.5964894281483,93.8426508736132,15.6357937541927
"lTT","ANTsXNet",0.401232320328477,0.411042110124717,0.419898248655992,0.424448595291902,0.429402929374734,0.437847584626026,0.449005675364547,0.00693702544085654,0.811963313469356,0.855119226779383,0.888193403841064,0.905044932702316,0.923184478153419,0.959563202221408,1.02532695796,0.0262221645175033,0.267146037987779,0.333069154616664,0.625794317099201,1.65895274735164,4.01841641304066,8.80121361890158,11.8470394781892,2.60982334034948,1.88736176148311,1.99818882352688,2.08432545452155,2.13140250332156,2.18241512510966,2.27938418585764,2.40007942524703,0.0720739314692824,2.62070346440079,2.90326723131714,3.61227335168334,6.04219393403264,11.4937461769564,22.8922643100456,30.3635930314232,6.14506748015539
"lINS","ANTsXNet",0.354083152137039,0.361985482330297,0.369717288653043,0.373792692770636,0.378247749510743,0.386746689902608,0.395895851925147,0.00638232657701085,0.851860079784756,0.880331512469906,0.911500248380032,0.928818405840874,0.947122747424522,0.981777499494708,1.03220774844658,0.0259529125945647,0.191832304606042,0.389419296952014,0.839951832431669,1.56054724564949,2.71348772496651,13.1553534661338,16.0804160030187,2.788042458966,2.21337676375247,2.3303040801736,2.42764545678579,2.48549739004858,2.54484996522786,2.65190275694224,2.82663020372528,0.0834614761009814,2.83928698713177,3.49818547570057,4.70957489536591,6.66523509956201,9.74180524685672,37.8622525681323,46.4916931450526,7.45248236498344
"rcACC","ANTsXNet",0.341743572287944,0.352099283083615,0.35990553501292,0.363776010437013,0.367969783777062,0.375891584237068,0.391841424088156,0.00602886360158492,0.843824591663923,0.895914227248883,0.929023720289286,0.947242220240108,0.965083444852872,1.00371848083695,1.0463745175639,0.0270873180380725,0.538671563189943,0.730942681967284,1.89575720894917,3.82420146548403,6.91668867374764,19.2993505760915,24.7945411251564,4.78601085319537,2.28659364849469,2.43752760722916,2.54412257282524,2.60262125013071,2.6601528986792,2.78185646118741,2.91221148186698,0.0873089003879623,3.86082193587053,4.60698412113788,7.78801113781278,13.1408031362346,21.5888415810835,55.7073200445539,70.9157690785162,13.1589362639319
"rcMFG","ANTsXNet",0.408534876720518,0.423207694272855,0.431876407522355,0.436891437935007,0.441908522744352,0.451196420957587,0.466494265934921,0.00730694156146064,0.820981402372038,0.848957776577193,0.881530440524019,0.898780404761201,0.917290523883576,0.952701212127564,1.01091871468516,0.0265877745079654,1.32624143138821,1.66573254383888,2.96625596458542,4.22346061348751,9.2584067641382,18.6683020691871,22.3086214766792,5.03321571398586,1.80349160833628,1.92308058982891,2.01030234133866,2.05778551956135,2.10663196944417,2.20677260911557,2.35601998686241,0.07145340249129,5.03592368621509,5.87131808898884,8.86373893557068,11.7194915314219,23.1575961659867,44.7875067278664,53.5305867617329,11.5195237958068
"rCUN","ANTsXNet",0.471321047352591,0.481150210903888,0.49175593288799,0.497036292779199,0.502666923390146,0.514153102531121,0.530853742551678,0.00834623789423379,0.795242497415812,0.831121466600161,0.862935385415239,0.881098486469772,0.899773489730635,0.93637893018511,0.983966972357327,0.0268882711461596,0.710707580655514,0.929905116563246,1.63590107896341,2.80250912596618,7.79442520261774,16.698276145172,19.0138954530019,4.83802467660598,1.55491958487476,1.65463786215394,1.731090441071,1.77164073364158,1.81558603967482,1.89995535019441,1.99341956802766,0.0627016567806068,3.20222547811816,3.63670455554903,5.04584606172381,7.41819018321826,17.5041909696703,35.3754138770505,40.2172742350663,9.72346439839826
"rENT","ANTsXNet",0.415455598902157,0.425297612103274,0.433701997003464,0.43840617425719,0.443083494491156,0.452387602414368,0.471637068052253,0.0070705300529904,0.817866193502496,0.861277719531843,0.893768232679453,0.911273157637566,0.928875768499301,0.965194992878598,1.00288442719211,0.0264171777592269,0.217889519185041,0.355684893942624,1.20931591614274,3.42383603133595,6.70196497667029,11.8538002170274,15.1798241972274,3.30946103104708,1.81573235917865,1.94325388549635,2.03299958368242,2.07932519398754,2.12457601563552,2.22186804420639,2.32201080117057,0.0698119168718102,2.44622502871368,2.85786843648659,4.84623308467288,9.87938319623888,17.3862496713132,29.2136255923782,37.5819666564185,7.55800468311769
"rFUS","ANTsXNet",0.420379117083423,0.436045939448739,0.445469454127991,0.450484469698865,0.455555770576585,0.465912092772858,0.479135281517711,0.00752310744236857,0.80641201713032,0.852604556635192,0.884105233522144,0.901825509971276,0.919948762864836,0.957099852626188,0.990349076824352,0.0265590148081156,0.171858434358383,0.247978134237242,1.15255343732982,3.47589273542915,6.99331758857466,11.5622715031716,13.3784316712588,3.47388626469251,1.78130355369773,1.87181240862363,1.95637579824272,2.0008753905602,2.04839677419986,2.14263375645281,2.25150860887566,0.0685248112311006,2.28374786564985,2.58218207057752,4.55979045685741,9.69597441107084,17.5016799657823,27.8097536150451,31.8201198309567,7.71534120629546
"rIPL","ANTsXNet",0.374056541624437,0.387095041229955,0.395887285874509,0.400335176004062,0.404791278148793,0.413814944341235,0.422810730539362,0.00668626625783372,0.836009663853504,0.876484405085708,0.908920402928209,0.926729242829642,0.945936345499307,0.979721633034807,1.01860344972556,0.026830263446755,0.351745306747783,0.462216715099773,0.801458945166912,1.09323442108451,1.64971839165922,2.81033347156081,4.18581218494798,0.614956661717998,2.06684727658863,2.16514208550467,2.26230076662414,2.31500398905651,2.36897350538891,2.46936257459863,2.59384291681663,0.0773012647303686,3.14293138729734,3.47244772359961,4.30256567131964,5.03498752653338,6.4215462353795,9.29556120215135,13.0042605942867,1.53867400850043
"rITG","ANTsXNet",0.435473935712347,0.446812941673065,0.455788040449033,0.460908262679111,0.465717317950131,0.476093870223432,0.48831430424843,0.00740554637591211,0.810375077473593,0.843665560046844,0.874866070526801,0.892591279577955,0.910367592501171,0.947839514880451,0.997528866550866,0.0265048994997915,2.66317516636725,3.45040696753313,4.73644164677671,5.94945445108086,10.2692077152414,23.4407775664305,33.6905888485962,5.31111435729718,1.7024998982923,1.81272788577455,1.89175169283722,1.93652535859328,1.98247966113066,2.07781490620576,2.19319231780786,0.0678263067580415,7.71945880171324,9.39651536399827,12.2137896482262,14.8792397791961,24.2622836748687,52.5259684167034,78.2083042791927,11.5355925706011
"riCC","ANTsXNet",0.353123657303294,0.362744220210916,0.370343874915976,0.374457819797735,0.378808955552477,0.386868251146651,0.400337777930118,0.0062554922071308,0.843681353949514,0.875519344142593,0.908091348710058,0.925991051461171,0.944701789950154,0.981204807611808,1.03020531549393,0.0269671965526006,0.4268599845839,0.725984725460247,1.50632926362329,3.75899077474802,5.56870343759159,12.6224081739709,15.1447875154827,3.32178744999034,2.20643898451502,2.31432489271744,2.42027786064198,2.47303885515337,2.53037476801565,2.6428197083661,2.82034634433835,0.0825047150134564,3.54672524287151,4.40210005216116,6.51457197304047,12.4991876836844,17.2983196417095,36.1550169104785,43.386856926614,8.88531486275837
"rLOG","ANTsXNet",0.420859953735888,0.431303870474256,0.440572289075552,0.44546333003074,0.450507911716453,0.460373389737137,0.473079160478895,0.00735484686607286,0.81061875282021,0.856637000310925,0.889472709660568,0.907098174511647,0.925214291844874,0.961989831280451,0.996770524547135,0.0268951369140404,0.810065492191812,1.15479474178748,1.67037105257674,2.27821170389634,5.29178673002028,23.3276743633997,30.852563580975,6.9032430192217,1.77712051282036,1.90181847335955,1.98888581433108,2.03467295422486,2.0831703342616,2.18112877130511,2.29690816067231,0.0703195038993893,3.7245923342218,4.64287015449384,5.77810042447423,7.14528899810237,13.9787365023611,54.9176344113583,73.6877064368514,15.5219607328909
"rLOF","ANTsXNet",0.449883186055458,0.461663438081151,0.471581025581342,0.47683917341354,0.482401489561965,0.491966258144834,0.505702962499523,0.00788888617742956,0.779685777062099,0.836058213024837,0.86840997434826,0.886480685755927,0.905546962501415,0.938848666435089,1.01028474728716,0.026493605604641,0.176093595816257,0.275523318149135,0.879999616450995,2.18738772340371,4.08909239042507,7.70722075377024,9.18284048296199,2.18416484334009,1.58452755988559,1.73490308829286,1.81531037798513,1.86002707597208,1.9029658526669,1.98442384523379,2.14098175379527,0.0637916975426756,2.11384799952871,2.43278586373691,3.71865094013091,6.43659898641209,10.4433221801041,18.0027297293083,21.7609520125421,4.58144546569469
"rLING","ANTsXNet",0.399440950466517,0.408857393112365,0.41764808168822,0.422354244456873,0.427195268166041,0.436296988679586,0.447149754223593,0.0069829739107405,0.813486712630125,0.862210846428875,0.895794278771378,0.913679622636269,0.932084074064967,0.969314429167151,1.01158667427676,0.0272387609159989,0.144588226035157,0.261309896708179,0.663805985419968,1.86194523081295,6.94015091714235,32.5100794177036,37.0651122915305,10.8244289954898,1.90281821898668,2.02544709939072,2.11472778242191,2.16217803743147,2.21396818006295,2.31099936936305,2.44664948900604,0.0738483275895133,2.31361803805712,2.77636286020073,3.7218529084939,6.579082488494,18.9745176309151,79.2601355199488,88.8497089624333,25.5900363893818
"rMOF","ANTsXNet",0.49270227226996,0.507154522878374,0.518154681705717,0.524187171150108,0.529781723872732,0.541111628031851,0.559827063022256,0.00868117468887595,0.786312603173076,0.815058598548592,0.846309404971248,0.864128706142098,0.881795939465642,0.915405445115373,0.951143193137332,0.0257001807216822,0.0801235364665129,0.118725574587943,0.309721476716806,1.34391394317019,5.72109525921892,19.0728164102247,23.6872726167399,4.77458335241677,1.47073476353689,1.5413187311651,1.61124999952432,1.64932138752376,1.6876018487986,1.76790456097924,1.8577782984093,0.0570296031428209,1.72033678087166,1.8789929649267,2.24691355644758,4.1932250501813,12.542782535186,38.3568463096051,47.8135847721149,9.13588229063871
"rMGH","ANTsXNet",0.399761623115255,0.409244073714561,0.418097558722952,0.422643272736916,0.427403761861851,0.436859354570615,0.448616821242368,0.00702865784171935,0.83369707288785,0.865981066493451,0.898691839213496,0.915856389386783,0.933651834551641,0.970532583539904,1.0245531104164,0.0262709581090258,0.205432822623454,0.362494109472329,1.13203134359092,1.68982114981157,2.44858456234677,3.71702439191691,4.42014020005849,0.905490969859074,1.9028048810199,2.03055720252586,2.11980932317833,2.16610626842906,2.21662553542636,2.31834208208483,2.45835201609192,0.0732218937529837,2.51274547120151,3.01340461249765,4.81183291703849,6.15471259617033,7.97145491808401,11.0024862311525,12.8843020643743,2.14928114859971
"rPARH","ANTsXNet",0.360388523687805,0.370482222785627,0.37834402687525,0.382573664768501,0.386803688500176,0.395657219153083,0.406883464312874,0.00631975140047074,0.834843883241455,0.880825160325959,0.912816103300963,0.93132535936805,0.949835937502555,0.984977868860835,1.02420129367417,0.0269652038306835,0.198119696156039,0.291746969136802,0.773192086634813,1.68183246255814,6.16810338900288,9.54013635911717,11.0227854080007,2.97451060372695,2.15793047591687,2.27683643277787,2.37826119936795,2.4350707121479,2.49173841646019,2.60116382068615,2.72796017146176,0.0828967437666002,2.82760545619853,3.19695481147255,4.4689109269317,6.83942026074312,18.5056874070191,27.3352323432145,30.9465127573124,7.77715787656205
"rparaC","ANTsXNet",0.402772269299521,0.410202499703512,0.418634367556699,0.423246762837406,0.427791836375129,0.436771260586502,0.447746800182995,0.00679853988771245,0.82174569702768,0.866796848809879,0.902107134992951,0.918867119516996,0.936533834437735,0.972741433687241,1.02902609154521,0.0263886586549832,0.280795046236084,0.365190915858386,1.11011476177108,2.34942883059411,3.48793975058085,11.3103814446741,14.5631824961632,2.69099044539264,1.91215888303877,2.02809264103447,2.1257913844033,2.17066662274969,2.21912338870276,2.31789406539917,2.45662423060688,0.0717763528788069,2.75494261968227,3.02957189150428,4.78684503159775,7.71638178008103,10.3825595650811,28.7145603705632,37.2582681656234,6.35267531159308
"rpOPER","ANTsXNet",0.40634506337352,0.416766551296055,0.425303011392383,0.429999959518983,0.434449236249549,0.444186536265595,0.461514232583423,0.00694285788570764,0.829248638142165,0.863710073102526,0.896753646241565,0.914573418955075,0.933810725366756,0.969378881384765,1.02322146217495,0.0271595900042504,0.213092342082361,0.310981806894129,1.87960719089927,4.82819026895387,11.0601935537891,16.5804843252336,19.4321772808423,5.16892317785256,1.87051627960773,1.98767631568388,2.07877711573533,2.12649328991504,2.1795079915557,2.27445407768761,2.40070969930878,0.0733231449625211,2.51765517615154,2.8562000623397,6.54341451196192,13.3455311180638,27.7376214943936,40.7512746993964,47.1208941948284,12.0461949174379
"rpORB","ANTsXNet",0.489280156936073,0.501296561830719,0.511510878089476,0.517230921916891,0.522995680789754,0.534688888289136,0.555488071527858,0.00851567612111491,0.76721256619966,0.809374451459015,0.843525580312978,0.861101698262324,0.878820463250944,0.9143895802025,0.968875148643672,0.0264098695205028,0.120209621110969,0.170767391873471,0.322722233256891,0.823127736634408,2.64554254527328,9.70655053212956,13.6715763084796,2.29571482259173,1.4519928658393,1.5525710096636,1.62424913506221,1.66441591116072,1.70622762643528,1.78246807116429,1.90466786611822,0.0596018117831175,1.71990978895451,1.96164848149456,2.30543550201086,3.26190463040806,6.7760192688916,20.3791051924012,27.6869890409748,4.44123950008461
"rpTRI","ANTsXNet",0.452413828397991,0.470030541598434,0.479522166428275,0.485002562726941,0.490391517944839,0.500757755179164,0.514865768982887,0.00790656018173315,0.808840430486521,0.835677938614828,0.867090355818919,0.885373422722107,0.903053743330523,0.939882055125156,0.980946712060959,0.0263631898502391,0.239335865359601,0.355338248042456,1.60938611501872,4.40180162890329,7.60614257418808,16.0433832580213,18.8381912567173,4.54655211082669,1.61158246873725,1.70474986325365,1.78354077844042,1.8250501806337,1.86769343671311,1.95584161217327,2.07461476282663,0.0641936269496974,2.25388521557981,2.53946806589101,5.12538117539097,10.8599354972062,17.5182808297258,35.0509404436213,40.596470179813,9.38981419774653
"rperiCAL","ANTsXNet",0.39324836529903,0.403869058857531,0.412187936743028,0.416483409326156,0.421062213751301,0.429638484794054,0.440303341659477,0.00660610429512792,0.831985123450776,0.865242014772638,0.898729251637689,0.917022612347089,0.934924418056355,0.970650821838539,1.01582481919833,0.0268962595355209,1.06767980148748,2.10181559200726,3.58292605155373,5.55302447042331,9.27052716317448,15.2375600591999,20.3002775613188,3.81835275757691,1.95264701442686,2.05923250204306,2.15057346130589,2.20230898203807,2.25122057038104,2.3503385282788,2.4766301539589,0.0744260636349396,4.66495286635561,7.20836212127816,10.7917788671166,15.5345987771649,24.4757262810167,38.7110130866559,51.3364661715571,9.16789838061114
"rpostC","ANTsXNet",0.416356022162013,0.431841162569698,0.440831242567328,0.445621150563774,0.450580843689166,0.460326470447894,0.473030680116531,0.00727345584930071,0.822755622074881,0.862645050713074,0.893785416897302,0.910594633795778,0.928349493204037,0.964196864758365,1.0174163426722,0.0260772795622366,1.25150462581668,1.76108196261323,3.19707064953562,4.70611355130811,7.91385603487237,14.9804884283792,17.9219695812927,3.65870581864958,1.79811577879827,1.91527177441479,1.9971079713952,2.04346590716722,2.08931711635274,2.18603513387083,2.31851270779283,0.0684304965721993,4.85015057458356,6.00141184580936,9.22513928233099,12.676585863084,19.7019850818876,35.5769018626086,41.8231796086422,8.20274800242135
"rPCC","ANTsXNet",0.377459048463833,0.390648437574183,0.398316023083378,0.40277898190404,0.407082931887172,0.415953914497648,0.425102286389616,0.00645033630391529,0.821210854484054,0.874113145686175,0.9046463796931,0.922565744944832,0.939825519315198,0.974931350253419,1.01889849585483,0.0260094563333358,0.282631618561196,0.346069284827046,1.2269068704828,2.33969944847372,4.4506814184922,8.7171594449546,12.395073569694,2.39053111722177,2.02793501399317,2.14734998770627,2.23990582248232,2.29163223745708,2.340065384487,2.44172049517037,2.5626777851451,0.0743393366614546,2.93338663213588,3.15412573147126,5.32714738816604,8.11448165988573,13.352630557824,23.9162220043624,34.0225329664855,5.93945171596323
"rPreC","ANTsXNet",0.430751497391646,0.439418356260609,0.448567534770124,0.45359719629905,0.458757079023121,0.468313682622494,0.482359330757942,0.00746362966988491,0.818611961064591,0.855479699123227,0.887937662763816,0.907463048039791,0.925003175820631,0.965310705944452,1.00702679766724,0.0276978006889574,0.950114827568896,1.24777656609743,2.28051957986683,3.28210246385656,5.61098074725063,10.4362930526496,14.3313497976602,2.64138095305108,1.74500696653487,1.86771278199868,1.95232111829258,1.99926501567601,2.04906497328427,2.14976333960292,2.27866366039895,0.0712514356708248,4.05646384709806,4.73332327542958,7.03843669582556,9.24432723021766,14.3011529422688,25.1932361400799,33.9116835105918,5.83564581666445
"rPCUN","ANTsXNet",0.348353614706979,0.3576675749132,0.365347459751551,0.369418084182448,0.373539798194072,0.38171417607317,0.391471615462797,0.00615470932610033,0.843123641222719,0.881970889024888,0.914927907172433,0.93264080070432,0.951154135738335,0.986533171616849,1.02522308937333,0.0264303663453954,0.925539193273768,1.07886431704326,2.75091773724135,4.14817917875598,9.62246439635538,22.497470846653,30.3279581988223,5.76577643992101,2.22440952646446,2.3681509975332,2.46928469728711,2.52444789445298,2.58232165614234,2.68826870278883,2.86489998429093,0.0827928021713949,4.8892750944572,5.44046851160381,9.93177832838132,13.7847296585946,28.4351813706521,63.3370681717131,83.9979201714042,15.5963104907078
"rrACC","ANTsXNet",0.386984749279114,0.400630341195846,0.408669889026476,0.413306276613241,0.418048491795243,0.426454255331316,0.436205226626195,0.00673343526032531,0.839973807758197,0.871753766825594,0.904736250670378,0.921957087537935,0.93973658685714,0.976917074403802,1.03298443564946,0.0266261680134321,0.362279493395999,0.456736404456941,1.23972129029125,3.44432107145706,6.62647852353084,11.369014565519,12.5916338475662,3.37577954883157,1.96901363740953,2.08389197438234,2.18085953858178,2.23153176645679,2.28300114363422,2.39163313550639,2.5074265517142,0.0770006004545285,2.99754113514502,3.32336793495525,5.28244727748984,10.5709807136119,18.3095720933292,29.7555406487773,33.5538014810515,8.17528827345808
"rrMFG","ANTsXNet",0.42683095354854,0.434793220710376,0.444252401786898,0.449241258939441,0.454271854851071,0.46439310696962,0.481663543708446,0.00742371108736461,0.823110827767151,0.855437637486292,0.887859199697301,0.904631332384854,0.923151933338566,0.959081412268135,1.01014970970302,0.0262859059875397,0.425758929389161,0.52118761978203,0.92152194577091,1.89365985108273,4.50640380019168,13.832089208131,16.4762121086334,3.18420995950073,1.78463377858354,1.88108560220282,1.97025639785319,2.0160715790065,2.06084583961926,2.15831853009761,2.30060178803116,0.0690793986240426,2.87935311534151,3.15812150219765,4.06270640707205,6.25409571692252,11.9892788998891,32.7672971083561,38.9220383439048,7.09266761707517
"rSFG","ANTsXNet",0.408441312699001,0.418258036820392,0.427668657907356,0.432318622843031,0.437053977260577,0.446742412824477,0.461278142201686,0.00716084982340234,0.831620804142926,0.863433650182854,0.896403192980693,0.914455649464379,0.932717407160884,0.970276673125934,1.01963053088026,0.0270601077666724,0.391033422492685,0.478726779609605,0.964607911093527,2.36637774889501,3.41411733760973,6.15376293327078,7.69344993950628,1.58990163104633,1.87024062497093,1.97524523269361,2.06831554360426,2.11568326862372,2.16673025815342,2.25663881863745,2.38012316924183,0.0723405304573715,2.86926395385303,3.2255982057252,4.33518508875839,7.59440173137325,10.0603171161432,16.4226099235191,20.0077468981163,3.68629756408841
"rSPL","ANTsXNet",0.394276701392314,0.403648327143635,0.412388948841997,0.417042093422329,0.421810844821405,0.431262748107589,0.44499327942779,0.00703201869590486,0.836182273545541,0.877957452576041,0.911091276060557,0.928698262972843,0.947517617792467,0.986270932076816,1.04172639719924,0.0274155768017604,0.678752580558363,1.07087044961297,1.86105779198739,2.84176401231029,4.92481196667511,8.08887286927289,10.2685923217547,1.96653141108231,1.985831478367,2.0849444170416,2.17750360655058,2.22777169645714,2.27988158647833,2.38238956310748,2.4996819895049,0.0764270232726132,3.87771537521343,4.82206061512046,6.67172119200292,9.07616113105169,14.057602662277,21.8055259556118,27.1101278235782,4.72953581703399
"rSTG","ANTsXNet",0.378331997745787,0.389106783053548,0.397383147424946,0.401667519129089,0.405979368242741,0.414644591306526,0.426002415088003,0.00642855889391604,0.836260766276277,0.872044916392846,0.905075693102156,0.923435274067469,0.941471537260042,0.978927535094491,1.01881719377644,0.0272242458804291,0.559002291954605,0.717801890903029,1.33303276272082,2.45650745031361,3.24493062524539,7.96380265183307,10.4671143923057,1.8321603418477,2.07084731250615,2.14844932586374,2.24663007622413,2.29871740028409,2.35436958502763,2.45936100426867,2.63158139154959,0.0784359506099035,3.56652749499234,4.07690236953942,5.6306465192002,8.40845792565955,10.38686469594,22.1592626819879,28.4292434886038,4.56090142086547
"rSMAR","ANTsXNet",0.398539089883087,0.406863587473382,0.415624049655691,0.419936799559543,0.424574369591537,0.433618747062527,0.445095711208025,0.00679576020887111,0.826142767413194,0.865646497078794,0.897949328105895,0.914939112067087,0.933609304586671,0.969907464948177,1.02343497039785,0.0266872547342608,0.387488152199326,0.638782171863869,1.01760339630872,1.73773970316357,3.5282331616378,11.6043674200141,20.1759569858076,2.83034555844172,1.95214417422071,2.03934908161384,2.13222984177175,2.18065834569772,2.22780410726686,2.33214289205009,2.44662220239156,0.073644490433878,2.92755975365597,3.68543697898977,4.61091946849352,6.36461860960669,10.5832832545605,29.9848505174749,49.3416726807022,6.74512583392635
"rTT","ANTsXNet",0.489160012431699,0.500358754064176,0.510788071135437,0.516583296098752,0.522242431410934,0.533800082300341,0.544469216089848,0.00857613136950706,0.788930964123716,0.813982964881187,0.847643746461249,0.865214347749385,0.882715203145563,0.918410109856234,0.959035548986554,0.0264921069595186,0.104201909550566,0.126147310657604,1.45555552217601,2.73082999465847,3.70123842192848,7.59583299025544,10.3804854605718,1.96109491019752,1.48433484169961,1.56282367972379,1.63479395055359,1.67548148999163,1.71523567765424,1.79497237441937,1.92340679119407,0.0594457781391495,1.78077917065371,1.89883405532491,4.41596281571249,6.96524128016486,8.84914319559252,16.3087632907181,22.0273505527331,3.79738959082688
"rINS","ANTsXNet",0.36053135764769,0.36830413958208,0.376034414577345,0.380373138916184,0.384638469322374,0.393293660922395,0.401711616986333,0.00629625927845142,0.846092865881947,0.880731674982091,0.912160791799321,0.929907619036995,0.946485944171311,0.982259743535982,1.03498353820622,0.0258421770464106,0.105272839629544,0.150656600024418,0.884888997002874,2.46105480558233,4.98327375232101,20.7285366974391,26.1668295032469,5.65462606331072,2.18629889922166,2.29015833151855,2.39103118348995,2.44393509319339,2.49707290315383,2.60746527701212,2.77266588002589,0.080476650111016,2.61215973815579,2.82597185274654,4.79518356190927,8.85316310080404,15.5859084884634,56.8733207383162,72.041436826458,14.88021217564
